TransactionID,AccountID,CustomerID,BranchID,TransactionDate,Amount,TransactionType,Channel,Status,BatchNumber
TXN_NEW_00001,ACC0207,CUST0207,BR007,2025-01-04,14989.98,Deposit,Mobile,Completed,1
TXN_NEW_00002,ACC0129,CUST0129,BR007,2025-01-09,17110.87,Transfer,Phone,Completed,1
TXN_NEW_00003,ACC0216,CUST0216,BR010,2025-01-10,5425.14,Interest,ATM,Pending,1
TXN_NEW_00004,ACC0442,CUST0442,BR004,2025-01-03,11542.47,Deposit,Phone,Completed,1
TXN_NEW_00005,ACC0485,CUST0485,BR009,2025-01-02,11731.29,Withdrawal,ATM,Completed,1
TXN_NEW_00006,ACC0218,CUST0218,BR004,2025-01-06,24739.35,Transfer,Branch,Completed,1
TXN_NEW_00007,ACC0102,CUST0102,BR010,2025-01-08,24418.03,Withdrawal,Mobile,Failed,1
TXN_NEW_00008,ACC0367,CUST0367,BR003,2025-01-08,14889.48,Interest,Phone,Completed,1
TXN_NEW_00009,ACC0019,CUST0019,BR002,2025-01-01,4287.97,Payment,Branch,Completed,1
TXN_NEW_00010,ACC0218,CUST0218,BR002,2025-01-03,7752.08,Deposit,ATM,Completed,1
TXN_NEW_00011,ACC0208,CUST0208,BR004,2025-01-01,16014.44,Withdrawal,Phone,Completed,1
TXN_NEW_00012,ACC0392,CUST0392,BR003,2025-01-06,23534.4,Transfer,Online,Completed,1
TXN_NEW_00013,ACC0443,CUST0443,BR010,2025-01-03,15204.78,Withdrawal,Online,Completed,1
TXN_NEW_00014,ACC0152,CUST0152,BR003,2025-01-03,10252.77,Interest,Phone,Completed,1
TXN_NEW_00015,ACC0256,CUST0256,BR004,2025-01-05,2939.16,Fee,Mobile,Completed,1
TXN_NEW_00016,ACC0257,CUST0257,BR005,2025-01-01,14646.46,Deposit,Mobile,Completed,1
TXN_NEW_00017,ACC0173,CUST0173,BR007,2025-01-07,10357.49,Withdrawal,Online,Completed,1
TXN_NEW_00018,ACC0020,CUST0020,BR006,2025-01-07,19272.83,Deposit,Mobile,Completed,1
TXN_NEW_00019,ACC0160,CUST0160,BR002,2025-01-06,5472.91,Fee,Mobile,Completed,1
TXN_NEW_00020,ACC0225,CUST0225,BR002,2025-01-08,10533.52,Interest,Online,Completed,1
TXN_NEW_00021,ACC0465,CUST0465,BR006,2025-01-08,13335.77,Interest,ATM,Completed,1
TXN_NEW_00022,ACC0149,CUST0149,BR007,2025-01-10,3993.9,Withdrawal,Phone,Pending,1
TXN_NEW_00023,ACC0317,CUST0317,BR008,2025-01-04,9501.81,Fee,ATM,Completed,1
TXN_NEW_00024,ACC0182,CUST0182,BR005,2025-01-04,22284.31,Payment,ATM,Completed,1
TXN_NEW_00025,ACC0381,CUST0381,BR004,2025-01-07,21514.03,Withdrawal,Branch,Completed,1
TXN_NEW_00026,ACC0257,CUST0257,BR009,2025-01-04,42.3,Withdrawal,Mobile,Completed,1
TXN_NEW_00027,ACC0413,CUST0413,BR008,2025-01-04,6605.02,Fee,Branch,Completed,1
TXN_NEW_00028,ACC0272,CUST0272,BR010,2025-01-10,19225.72,Deposit,Online,Failed,1
TXN_NEW_00029,ACC0413,CUST0413,BR005,2025-01-02,14516.97,Interest,Branch,Completed,1
TXN_NEW_00030,ACC0498,CUST0498,BR009,2025-01-10,14377.06,Deposit,Online,Failed,1
TXN_NEW_00031,ACC0407,CUST0407,BR007,2025-01-07,19733.32,Withdrawal,ATM,Completed,1
TXN_NEW_00032,ACC0067,CUST0067,BR008,2025-01-07,10459.89,Interest,Mobile,Completed,1
TXN_NEW_00033,ACC0107,CUST0107,BR005,2025-01-08,14320.86,Fee,Branch,Completed,1
TXN_NEW_00034,ACC0468,CUST0468,BR008,2025-01-10,22324.31,Fee,Branch,Completed,1
TXN_NEW_00035,ACC0039,CUST0039,BR009,2025-01-04,24929.64,Transfer,Online,Completed,1
TXN_NEW_00036,ACC0253,CUST0253,BR002,2025-01-06,16383.01,Deposit,Phone,Completed,1
TXN_NEW_00037,ACC0007,CUST0007,BR010,2025-01-06,10354.33,Deposit,Phone,Pending,1
TXN_NEW_00038,ACC0204,CUST0204,BR001,2025-01-01,8566.32,Deposit,ATM,Completed,1
TXN_NEW_00039,ACC0225,CUST0225,BR001,2025-01-07,5747.71,Deposit,Branch,Completed,1
TXN_NEW_00040,ACC0142,CUST0142,BR006,2025-01-02,13996.93,Deposit,Phone,Completed,1
TXN_NEW_00041,ACC0182,CUST0182,BR009,2025-01-02,18588.17,Deposit,Mobile,Pending,1
TXN_NEW_00042,ACC0077,CUST0077,BR009,2025-01-02,836.78,Transfer,Branch,Completed,1
TXN_NEW_00043,ACC0446,CUST0446,BR004,2025-01-10,15210.54,Interest,Mobile,Completed,1
TXN_NEW_00044,ACC0028,CUST0028,BR006,2025-01-07,4707.88,Deposit,Online,Completed,1
TXN_NEW_00045,ACC0330,CUST0330,BR009,2025-01-01,5785.05,Interest,Online,Completed,1
TXN_NEW_00046,ACC0121,CUST0121,BR010,2025-01-08,18327.75,Transfer,Online,Pending,1
TXN_NEW_00047,ACC0083,CUST0083,BR003,2025-01-08,9334.17,Withdrawal,Online,Completed,1
TXN_NEW_00048,ACC0011,CUST0011,BR005,2025-01-03,3327.33,Deposit,ATM,Completed,1
TXN_NEW_00049,ACC0152,CUST0152,BR005,2025-01-02,12316.16,Fee,Online,Completed,1
TXN_NEW_00050,ACC0311,CUST0311,BR006,2025-01-06,16603.13,Fee,Online,Completed,1
TXN_NEW_00051,ACC0139,CUST0139,BR010,2025-01-04,13703.93,Payment,Online,Completed,1
TXN_NEW_00052,ACC0481,CUST0481,BR005,2025-01-07,10483.31,Payment,Mobile,Completed,1
TXN_NEW_00053,ACC0209,CUST0209,BR001,2025-01-04,6051.71,Withdrawal,Phone,Completed,1
TXN_NEW_00054,ACC0003,CUST0003,BR010,2025-01-01,20942.99,Deposit,Mobile,Completed,1
TXN_NEW_00055,ACC0032,CUST0032,BR005,2025-01-03,14498.06,Withdrawal,Online,Failed,1
TXN_NEW_00056,ACC0019,CUST0019,BR009,2025-01-07,23424.23,Interest,Online,Completed,1
TXN_NEW_00057,ACC0120,CUST0120,BR006,2025-01-07,3310.89,Interest,Online,Completed,1
TXN_NEW_00058,ACC0082,CUST0082,BR004,2025-01-10,12121.16,Payment,Online,Completed,1
TXN_NEW_00059,ACC0104,CUST0104,BR003,2025-01-03,11890.69,Fee,Mobile,Pending,1
TXN_NEW_00060,ACC0132,CUST0132,BR003,2025-01-09,16809.58,Transfer,Phone,Completed,1
TXN_NEW_00061,ACC0124,CUST0124,BR009,2025-01-04,17180.57,Withdrawal,Phone,Completed,1
TXN_NEW_00062,ACC0124,CUST0124,BR005,2025-01-06,19180.3,Withdrawal,Mobile,Completed,1
TXN_NEW_00063,ACC0322,CUST0322,BR001,2025-01-01,10924.58,Withdrawal,Online,Completed,1
TXN_NEW_00064,ACC0095,CUST0095,BR005,2025-01-05,263.31,Transfer,Mobile,Completed,1
TXN_NEW_00065,ACC0059,CUST0059,BR003,2025-01-06,9737.06,Payment,Phone,Completed,1
TXN_NEW_00066,ACC0232,CUST0232,BR001,2025-01-01,8880.18,Deposit,Online,Pending,1
TXN_NEW_00067,ACC0195,CUST0195,BR001,2025-01-06,23534.65,Fee,Mobile,Completed,1
TXN_NEW_00068,ACC0400,CUST0400,BR002,2025-01-01,735.93,Deposit,ATM,Completed,1
TXN_NEW_00069,ACC0390,CUST0390,BR002,2025-01-01,10857.05,Payment,Online,Completed,1
TXN_NEW_00070,ACC0499,CUST0499,BR006,2025-01-08,10599.5,Fee,Phone,Pending,1
TXN_NEW_00071,ACC0135,CUST0135,BR006,2025-01-06,20211.9,Withdrawal,Mobile,Completed,1
TXN_NEW_00072,ACC0018,CUST0018,BR004,2025-01-05,8158.31,Deposit,ATM,Completed,1
TXN_NEW_00073,ACC0125,CUST0125,BR004,2025-01-08,16632.24,Transfer,Phone,Completed,1
TXN_NEW_00074,ACC0040,CUST0040,BR007,2025-01-02,18445.31,Withdrawal,Branch,Completed,1
TXN_NEW_00075,ACC0476,CUST0476,BR006,2025-01-09,24909.34,Transfer,Phone,Failed,1
TXN_NEW_00076,ACC0444,CUST0444,BR002,2025-01-05,9965.42,Deposit,Phone,Failed,1
TXN_NEW_00077,ACC0233,CUST0233,BR008,2025-01-06,24902.99,Deposit,Online,Completed,1
TXN_NEW_00078,ACC0043,CUST0043,BR003,2025-01-07,4817.39,Fee,Phone,Completed,1
TXN_NEW_00079,ACC0011,CUST0011,BR002,2025-01-06,5459.52,Payment,Online,Completed,1
TXN_NEW_00080,ACC0221,CUST0221,BR005,2025-01-03,20949.26,Fee,ATM,Failed,1
TXN_NEW_00081,ACC0362,CUST0362,BR007,2025-01-02,7751.0,Deposit,Branch,Completed,1
TXN_NEW_00082,ACC0050,CUST0050,BR002,2025-01-05,23715.5,Withdrawal,Mobile,Completed,1
TXN_NEW_00083,ACC0373,CUST0373,BR002,2025-01-01,18716.56,Fee,ATM,Completed,1
TXN_NEW_00084,ACC0066,CUST0066,BR005,2025-01-10,12113.87,Fee,Phone,Completed,1
TXN_NEW_00085,ACC0230,CUST0230,BR005,2025-01-09,6331.45,Deposit,ATM,Completed,1
TXN_NEW_00086,ACC0169,CUST0169,BR009,2025-01-03,20051.34,Deposit,ATM,Completed,1
TXN_NEW_00087,ACC0037,CUST0037,BR004,2025-01-09,10881.23,Deposit,Online,Completed,1
TXN_NEW_00088,ACC0403,CUST0403,BR007,2025-01-10,19837.85,Deposit,Online,Completed,1
TXN_NEW_00089,ACC0055,CUST0055,BR002,2025-01-01,4885.61,Interest,Mobile,Completed,1
TXN_NEW_00090,ACC0059,CUST0059,BR003,2025-01-05,17704.77,Deposit,Phone,Completed,1
TXN_NEW_00091,ACC0098,CUST0098,BR002,2025-01-10,2797.87,Deposit,Mobile,Completed,1
TXN_NEW_00092,ACC0172,CUST0172,BR009,2025-01-01,11080.74,Interest,Branch,Completed,1
TXN_NEW_00093,ACC0179,CUST0179,BR004,2025-01-06,3276.64,Payment,Phone,Failed,1
TXN_NEW_00094,ACC0468,CUST0468,BR004,2025-01-04,20276.04,Transfer,Phone,Completed,1
TXN_NEW_00095,ACC0244,CUST0244,BR003,2025-01-10,8695.29,Deposit,Phone,Pending,1
TXN_NEW_00096,ACC0274,CUST0274,BR005,2025-01-01,420.22,Transfer,Mobile,Completed,1
TXN_NEW_00097,ACC0024,CUST0024,BR002,2025-01-09,7995.91,Payment,ATM,Pending,1
TXN_NEW_00098,ACC0089,CUST0089,BR009,2025-01-06,17329.02,Payment,Online,Completed,1
TXN_NEW_00099,ACC0152,CUST0152,BR001,2025-01-06,10596.66,Transfer,Online,Completed,1
TXN_NEW_00100,ACC0048,CUST0048,BR008,2025-01-07,10724.08,Transfer,Branch,Completed,1
TXN_NEW_00101,ACC0329,CUST0329,BR007,2025-01-05,2636.17,Deposit,ATM,Completed,1
TXN_NEW_00102,ACC0135,CUST0135,BR002,2025-01-01,9199.5,Withdrawal,Mobile,Completed,1
TXN_NEW_00103,ACC0310,CUST0310,BR005,2025-01-05,10201.56,Deposit,Mobile,Completed,1
TXN_NEW_00104,ACC0360,CUST0360,BR001,2025-01-09,12701.17,Withdrawal,Mobile,Completed,1
TXN_NEW_00105,ACC0283,CUST0283,BR003,2025-01-05,7589.63,Payment,Online,Pending,1
TXN_NEW_00106,ACC0177,CUST0177,BR001,2025-01-08,5719.52,Payment,Branch,Pending,1
TXN_NEW_00107,ACC0124,CUST0124,BR009,2025-01-01,3180.36,Fee,Online,Failed,1
TXN_NEW_00108,ACC0288,CUST0288,BR003,2025-01-06,19396.73,Transfer,Online,Completed,1
TXN_NEW_00109,ACC0425,CUST0425,BR004,2025-01-01,11281.42,Transfer,Branch,Completed,1
TXN_NEW_00110,ACC0368,CUST0368,BR001,2025-01-04,18207.76,Transfer,Mobile,Failed,1
TXN_NEW_00111,ACC0221,CUST0221,BR003,2025-01-03,24258.03,Interest,Phone,Completed,1
TXN_NEW_00112,ACC0428,CUST0428,BR010,2025-01-01,19257.07,Payment,Online,Completed,1
TXN_NEW_00113,ACC0321,CUST0321,BR001,2025-01-04,14243.77,Fee,Branch,Completed,1
TXN_NEW_00114,ACC0146,CUST0146,BR010,2025-01-06,17441.26,Deposit,Online,Completed,1
TXN_NEW_00115,ACC0295,CUST0295,BR006,2025-01-09,21036.15,Payment,ATM,Completed,1
TXN_NEW_00116,ACC0131,CUST0131,BR008,2025-01-02,9735.08,Withdrawal,ATM,Failed,1
TXN_NEW_00117,ACC0156,CUST0156,BR008,2025-01-01,13923.72,Payment,Online,Completed,1
TXN_NEW_00118,ACC0119,CUST0119,BR003,2025-01-01,3993.94,Fee,ATM,Completed,1
TXN_NEW_00119,ACC0202,CUST0202,BR006,2025-01-07,4042.14,Withdrawal,Mobile,Completed,1
TXN_NEW_00120,ACC0281,CUST0281,BR008,2025-01-08,6947.88,Fee,ATM,Completed,1
TXN_NEW_00121,ACC0091,CUST0091,BR006,2025-01-10,3535.42,Transfer,Phone,Completed,1
TXN_NEW_00122,ACC0343,CUST0343,BR010,2025-01-03,19891.18,Transfer,Phone,Completed,1
TXN_NEW_00123,ACC0353,CUST0353,BR007,2025-01-06,19330.98,Transfer,ATM,Failed,1
TXN_NEW_00124,ACC0361,CUST0361,BR002,2025-01-02,5603.8,Transfer,Mobile,Completed,1
TXN_NEW_00125,ACC0198,CUST0198,BR003,2025-01-04,17808.65,Interest,Mobile,Completed,1
TXN_NEW_00126,ACC0095,CUST0095,BR001,2025-01-01,2163.06,Transfer,Mobile,Completed,1
TXN_NEW_00127,ACC0135,CUST0135,BR008,2025-01-06,12646.1,Interest,Phone,Failed,1
TXN_NEW_00128,ACC0220,CUST0220,BR010,2025-01-07,7983.2,Payment,Mobile,Completed,1
TXN_NEW_00129,ACC0074,CUST0074,BR008,2025-01-10,9365.79,Fee,Branch,Failed,1
TXN_NEW_00130,ACC0238,CUST0238,BR003,2025-01-08,17168.88,Transfer,Phone,Completed,1
TXN_NEW_00131,ACC0229,CUST0229,BR010,2025-01-08,19477.31,Transfer,Branch,Completed,1
TXN_NEW_00132,ACC0177,CUST0177,BR008,2025-01-01,9531.1,Fee,ATM,Pending,1
TXN_NEW_00133,ACC0374,CUST0374,BR004,2025-01-03,21947.52,Deposit,Phone,Completed,1
TXN_NEW_00134,ACC0277,CUST0277,BR001,2025-01-02,3167.05,Payment,Mobile,Failed,1
TXN_NEW_00135,ACC0395,CUST0395,BR005,2025-01-01,8654.57,Interest,Online,Completed,1
TXN_NEW_00136,ACC0020,CUST0020,BR004,2025-01-04,23488.36,Interest,Mobile,Completed,1
TXN_NEW_00137,ACC0004,CUST0004,BR003,2025-01-08,6615.97,Withdrawal,ATM,Completed,1
TXN_NEW_00138,ACC0461,CUST0461,BR006,2025-01-04,7313.87,Transfer,Online,Completed,1
TXN_NEW_00139,ACC0489,CUST0489,BR001,2025-01-04,19962.63,Withdrawal,ATM,Completed,1
TXN_NEW_00140,ACC0429,CUST0429,BR006,2025-01-06,4662.79,Payment,ATM,Completed,1
TXN_NEW_00141,ACC0404,CUST0404,BR008,2025-01-08,374.0,Deposit,Phone,Completed,1
TXN_NEW_00142,ACC0170,CUST0170,BR002,2025-01-01,23801.01,Payment,ATM,Completed,1
TXN_NEW_00143,ACC0475,CUST0475,BR001,2025-01-03,9323.04,Withdrawal,ATM,Completed,1
TXN_NEW_00144,ACC0492,CUST0492,BR006,2025-01-05,9758.89,Transfer,Mobile,Completed,1
TXN_NEW_00145,ACC0428,CUST0428,BR009,2025-01-02,2204.02,Transfer,Online,Completed,1
TXN_NEW_00146,ACC0058,CUST0058,BR006,2025-01-07,21553.02,Interest,Mobile,Completed,1
TXN_NEW_00147,ACC0068,CUST0068,BR009,2025-01-05,20076.99,Withdrawal,Online,Pending,1
TXN_NEW_00148,ACC0161,CUST0161,BR004,2025-01-07,6721.58,Payment,Mobile,Completed,1
TXN_NEW_00149,ACC0364,CUST0364,BR010,2025-01-01,16413.32,Deposit,ATM,Failed,1
TXN_NEW_00150,ACC0241,CUST0241,BR003,2025-01-01,3430.9,Payment,Phone,Completed,1
TXN_NEW_00151,ACC0162,CUST0162,BR004,2025-01-01,6217.07,Withdrawal,Online,Pending,1
TXN_NEW_00152,ACC0043,CUST0043,BR009,2025-01-03,35.14,Transfer,Mobile,Completed,1
TXN_NEW_00153,ACC0197,CUST0197,BR006,2025-01-03,24909.4,Fee,Mobile,Completed,1
TXN_NEW_00154,ACC0220,CUST0220,BR009,2025-01-08,7026.89,Interest,Mobile,Completed,1
TXN_NEW_00155,ACC0117,CUST0117,BR005,2025-01-09,945.15,Deposit,ATM,Failed,1
TXN_NEW_00156,ACC0402,CUST0402,BR004,2025-01-02,13847.09,Payment,Mobile,Completed,1
TXN_NEW_00157,ACC0102,CUST0102,BR005,2025-01-07,379.0,Deposit,Online,Completed,1
TXN_NEW_00158,ACC0064,CUST0064,BR002,2025-01-02,1983.49,Payment,ATM,Completed,1
TXN_NEW_00159,ACC0419,CUST0419,BR006,2025-01-06,4361.35,Withdrawal,Online,Completed,1
TXN_NEW_00160,ACC0241,CUST0241,BR004,2025-01-09,11583.35,Interest,ATM,Completed,1
TXN_NEW_00161,ACC0160,CUST0160,BR005,2025-01-10,1077.32,Deposit,Mobile,Completed,1
TXN_NEW_00162,ACC0283,CUST0283,BR006,2025-01-04,15309.55,Deposit,Phone,Completed,1
TXN_NEW_00163,ACC0109,CUST0109,BR002,2025-01-01,4094.31,Fee,Mobile,Completed,1
TXN_NEW_00164,ACC0088,CUST0088,BR007,2025-01-02,14703.38,Interest,ATM,Completed,1
TXN_NEW_00165,ACC0124,CUST0124,BR004,2025-01-09,19199.27,Transfer,Phone,Completed,1
TXN_NEW_00166,ACC0312,CUST0312,BR008,2025-01-10,6779.33,Transfer,ATM,Completed,1
TXN_NEW_00167,ACC0067,CUST0067,BR009,2025-01-08,13436.49,Interest,Branch,Completed,1
TXN_NEW_00168,ACC0406,CUST0406,BR009,2025-01-10,21700.88,Fee,Online,Pending,1
TXN_NEW_00169,ACC0329,CUST0329,BR002,2025-01-03,15060.96,Fee,Phone,Completed,1
TXN_NEW_00170,ACC0300,CUST0300,BR007,2025-01-05,19977.76,Withdrawal,Mobile,Completed,1
TXN_NEW_00171,ACC0450,CUST0450,BR010,2025-01-01,1812.86,Deposit,Phone,Completed,1
TXN_NEW_00172,ACC0185,CUST0185,BR003,2025-01-03,15757.59,Transfer,Phone,Pending,1
TXN_NEW_00173,ACC0490,CUST0490,BR003,2025-01-06,9320.49,Deposit,ATM,Completed,1
TXN_NEW_00174,ACC0313,CUST0313,BR009,2025-01-10,2549.48,Fee,Phone,Completed,1
TXN_NEW_00175,ACC0143,CUST0143,BR005,2025-01-08,23602.14,Fee,Mobile,Failed,1
TXN_NEW_00176,ACC0156,CUST0156,BR001,2025-01-09,11487.32,Deposit,ATM,Completed,1
TXN_NEW_00177,ACC0480,CUST0480,BR007,2025-01-03,15549.3,Withdrawal,Online,Completed,1
TXN_NEW_00178,ACC0390,CUST0390,BR009,2025-01-10,15146.57,Transfer,Mobile,Completed,1
TXN_NEW_00179,ACC0013,CUST0013,BR009,2025-01-02,12051.41,Transfer,Branch,Completed,1
TXN_NEW_00180,ACC0259,CUST0259,BR007,2025-01-10,21933.68,Payment,Online,Completed,1
TXN_NEW_00181,ACC0233,CUST0233,BR010,2025-01-10,14918.09,Deposit,ATM,Completed,1
TXN_NEW_00182,ACC0347,CUST0347,BR001,2025-01-02,19756.98,Payment,ATM,Pending,1
TXN_NEW_00183,ACC0107,CUST0107,BR004,2025-01-10,11932.72,Deposit,Mobile,Completed,1
TXN_NEW_00184,ACC0343,CUST0343,BR008,2025-01-05,22858.59,Payment,Mobile,Completed,1
TXN_NEW_00185,ACC0045,CUST0045,BR002,2025-01-07,4611.57,Withdrawal,Phone,Completed,1
TXN_NEW_00186,ACC0292,CUST0292,BR007,2025-01-05,20243.87,Deposit,Online,Pending,1
TXN_NEW_00187,ACC0402,CUST0402,BR008,2025-01-03,5808.75,Transfer,Online,Completed,1
TXN_NEW_00188,ACC0127,CUST0127,BR009,2025-01-05,11835.35,Fee,ATM,Completed,1
TXN_NEW_00189,ACC0460,CUST0460,BR010,2025-01-10,8160.71,Deposit,Mobile,Completed,1
TXN_NEW_00190,ACC0073,CUST0073,BR007,2025-01-08,12053.02,Fee,Branch,Completed,1
TXN_NEW_00191,ACC0318,CUST0318,BR009,2025-01-01,5352.72,Transfer,Phone,Completed,1
TXN_NEW_00192,ACC0348,CUST0348,BR007,2025-01-09,1437.45,Deposit,Online,Completed,1
TXN_NEW_00193,ACC0443,CUST0443,BR007,2025-01-08,471.65,Deposit,Mobile,Completed,1
TXN_NEW_00194,ACC0199,CUST0199,BR003,2025-01-03,16221.06,Withdrawal,ATM,Completed,1
TXN_NEW_00195,ACC0300,CUST0300,BR010,2025-01-08,807.69,Deposit,Phone,Completed,1
TXN_NEW_00196,ACC0414,CUST0414,BR003,2025-01-01,22399.62,Transfer,Mobile,Completed,1
TXN_NEW_00197,ACC0063,CUST0063,BR004,2025-01-08,7400.64,Withdrawal,Branch,Failed,1
TXN_NEW_00198,ACC0347,CUST0347,BR003,2025-01-01,1853.32,Interest,Phone,Completed,1
TXN_NEW_00199,ACC0268,CUST0268,BR006,2025-01-09,20506.93,Transfer,Online,Completed,1
TXN_NEW_00200,ACC0081,CUST0081,BR005,2025-01-07,8220.51,Deposit,ATM,Completed,1
TXN_NEW_00201,ACC0292,CUST0292,BR010,2025-01-20,18260.91,Deposit,Phone,Pending,2
TXN_NEW_00202,ACC0256,CUST0256,BR009,2025-01-13,5423.32,Payment,Branch,Completed,2
TXN_NEW_00203,ACC0243,CUST0243,BR009,2025-01-12,11301.35,Payment,Phone,Failed,2
TXN_NEW_00204,ACC0030,CUST0030,BR009,2025-01-13,9816.95,Fee,ATM,Pending,2
TXN_NEW_00205,ACC0370,CUST0370,BR003,2025-01-13,541.24,Withdrawal,Branch,Completed,2
TXN_NEW_00206,ACC0196,CUST0196,BR008,2025-01-20,21496.14,Withdrawal,Phone,Completed,2
TXN_NEW_00207,ACC0327,CUST0327,BR001,2025-01-16,5677.03,Fee,ATM,Completed,2
TXN_NEW_00208,ACC0407,CUST0407,BR003,2025-01-17,12825.39,Withdrawal,Branch,Completed,2
TXN_NEW_00209,ACC0457,CUST0457,BR007,2025-01-16,21752.65,Payment,Online,Completed,2
TXN_NEW_00210,ACC0364,CUST0364,BR003,2025-01-20,22538.43,Payment,Online,Completed,2
TXN_NEW_00211,ACC0206,CUST0206,BR001,2025-01-16,17196.26,Withdrawal,ATM,Completed,2
TXN_NEW_00212,ACC0040,CUST0040,BR004,2025-01-11,7167.99,Transfer,Phone,Pending,2
TXN_NEW_00213,ACC0268,CUST0268,BR002,2025-01-15,12622.49,Interest,Branch,Completed,2
TXN_NEW_00214,ACC0381,CUST0381,BR003,2025-01-16,17176.42,Withdrawal,Phone,Completed,2
TXN_NEW_00215,ACC0431,CUST0431,BR007,2025-01-12,5336.68,Fee,Phone,Completed,2
TXN_NEW_00216,ACC0355,CUST0355,BR003,2025-01-16,16063.01,Transfer,ATM,Pending,2
TXN_NEW_00217,ACC0396,CUST0396,BR008,2025-01-12,15033.75,Deposit,Online,Completed,2
TXN_NEW_00218,ACC0118,CUST0118,BR006,2025-01-19,11195.58,Deposit,Phone,Completed,2
TXN_NEW_00219,ACC0422,CUST0422,BR007,2025-01-18,4404.88,Transfer,ATM,Completed,2
TXN_NEW_00220,ACC0404,CUST0404,BR008,2025-01-12,31.67,Transfer,ATM,Completed,2
TXN_NEW_00221,ACC0453,CUST0453,BR004,2025-01-15,7615.04,Deposit,Mobile,Completed,2
TXN_NEW_00222,ACC0037,CUST0037,BR006,2025-01-20,8488.93,Fee,Mobile,Completed,2
TXN_NEW_00223,ACC0221,CUST0221,BR003,2025-01-14,1215.18,Deposit,Online,Completed,2
TXN_NEW_00224,ACC0490,CUST0490,BR007,2025-01-18,6476.42,Withdrawal,Phone,Completed,2
TXN_NEW_00225,ACC0216,CUST0216,BR004,2025-01-20,6854.82,Payment,Online,Completed,2
TXN_NEW_00226,ACC0028,CUST0028,BR001,2025-01-12,1890.13,Payment,Online,Pending,2
TXN_NEW_00227,ACC0340,CUST0340,BR007,2025-01-13,5600.15,Transfer,Online,Pending,2
TXN_NEW_00228,ACC0366,CUST0366,BR004,2025-01-16,11045.1,Transfer,Mobile,Completed,2
TXN_NEW_00229,ACC0104,CUST0104,BR008,2025-01-15,9580.02,Payment,ATM,Completed,2
TXN_NEW_00230,ACC0437,CUST0437,BR010,2025-01-20,13006.7,Payment,Phone,Completed,2
TXN_NEW_00231,ACC0111,CUST0111,BR010,2025-01-19,10459.12,Payment,ATM,Completed,2
TXN_NEW_00232,ACC0151,CUST0151,BR005,2025-01-15,8959.14,Withdrawal,ATM,Completed,2
TXN_NEW_00233,ACC0026,CUST0026,BR005,2025-01-17,16831.73,Deposit,Branch,Pending,2
TXN_NEW_00234,ACC0438,CUST0438,BR002,2025-01-17,4411.16,Deposit,Branch,Completed,2
TXN_NEW_00235,ACC0119,CUST0119,BR001,2025-01-11,14059.9,Transfer,Phone,Completed,2
TXN_NEW_00236,ACC0055,CUST0055,BR001,2025-01-16,12305.43,Deposit,ATM,Completed,2
TXN_NEW_00237,ACC0133,CUST0133,BR006,2025-01-20,20607.45,Deposit,Online,Completed,2
TXN_NEW_00238,ACC0453,CUST0453,BR004,2025-01-19,4813.31,Transfer,Mobile,Completed,2
TXN_NEW_00239,ACC0441,CUST0441,BR009,2025-01-14,17816.9,Withdrawal,ATM,Completed,2
TXN_NEW_00240,ACC0389,CUST0389,BR001,2025-01-16,8478.02,Deposit,Mobile,Completed,2
TXN_NEW_00241,ACC0326,CUST0326,BR005,2025-01-17,22821.79,Fee,Mobile,Completed,2
TXN_NEW_00242,ACC0197,CUST0197,BR005,2025-01-19,2171.13,Withdrawal,Online,Completed,2
TXN_NEW_00243,ACC0001,CUST0001,BR008,2025-01-19,21934.86,Fee,Mobile,Completed,2
TXN_NEW_00244,ACC0481,CUST0481,BR007,2025-01-18,8714.33,Withdrawal,Branch,Completed,2
TXN_NEW_00245,ACC0165,CUST0165,BR008,2025-01-20,18968.41,Fee,Mobile,Completed,2
TXN_NEW_00246,ACC0134,CUST0134,BR002,2025-01-12,14594.31,Interest,Branch,Pending,2
TXN_NEW_00247,ACC0151,CUST0151,BR003,2025-01-18,13447.44,Deposit,Phone,Failed,2
TXN_NEW_00248,ACC0022,CUST0022,BR001,2025-01-12,14495.93,Deposit,Branch,Pending,2
TXN_NEW_00249,ACC0306,CUST0306,BR006,2025-01-17,3096.16,Transfer,Branch,Completed,2
TXN_NEW_00250,ACC0220,CUST0220,BR008,2025-01-14,20908.45,Payment,Branch,Completed,2
TXN_NEW_00251,ACC0134,CUST0134,BR001,2025-01-12,1225.36,Deposit,Branch,Completed,2
TXN_NEW_00252,ACC0166,CUST0166,BR004,2025-01-14,16038.77,Payment,ATM,Pending,2
TXN_NEW_00253,ACC0062,CUST0062,BR009,2025-01-15,17763.67,Deposit,Mobile,Completed,2
TXN_NEW_00254,ACC0310,CUST0310,BR001,2025-01-18,11873.64,Payment,Mobile,Completed,2
TXN_NEW_00255,ACC0058,CUST0058,BR001,2025-01-17,6738.76,Deposit,Online,Pending,2
TXN_NEW_00256,ACC0460,CUST0460,BR008,2025-01-17,4749.64,Payment,ATM,Completed,2
TXN_NEW_00257,ACC0155,CUST0155,BR004,2025-01-20,17389.16,Payment,Online,Failed,2
TXN_NEW_00258,ACC0311,CUST0311,BR009,2025-01-12,21086.13,Transfer,Phone,Completed,2
TXN_NEW_00259,ACC0475,CUST0475,BR001,2025-01-13,9374.64,Withdrawal,ATM,Completed,2
TXN_NEW_00260,ACC0070,CUST0070,BR007,2025-01-15,23682.15,Payment,Mobile,Failed,2
TXN_NEW_00261,ACC0249,CUST0249,BR009,2025-01-11,3230.18,Deposit,ATM,Completed,2
TXN_NEW_00262,ACC0014,CUST0014,BR007,2025-01-19,16930.96,Deposit,Branch,Completed,2
TXN_NEW_00263,ACC0097,CUST0097,BR002,2025-01-13,7334.8,Transfer,Phone,Completed,2
TXN_NEW_00264,ACC0049,CUST0049,BR004,2025-01-16,10050.56,Deposit,ATM,Completed,2
TXN_NEW_00265,ACC0430,CUST0430,BR004,2025-01-20,9845.25,Transfer,Phone,Pending,2
TXN_NEW_00266,ACC0215,CUST0215,BR001,2025-01-19,19960.9,Payment,Mobile,Completed,2
TXN_NEW_00267,ACC0021,CUST0021,BR002,2025-01-13,867.05,Withdrawal,ATM,Pending,2
TXN_NEW_00268,ACC0374,CUST0374,BR004,2025-01-15,10209.03,Transfer,Online,Completed,2
TXN_NEW_00269,ACC0380,CUST0380,BR003,2025-01-17,2365.03,Interest,Mobile,Completed,2
TXN_NEW_00270,ACC0125,CUST0125,BR007,2025-01-16,12545.32,Payment,Mobile,Completed,2
TXN_NEW_00271,ACC0466,CUST0466,BR003,2025-01-11,17232.31,Transfer,ATM,Completed,2
TXN_NEW_00272,ACC0124,CUST0124,BR005,2025-01-11,13758.22,Payment,Mobile,Completed,2
TXN_NEW_00273,ACC0380,CUST0380,BR002,2025-01-18,21209.66,Transfer,Mobile,Completed,2
TXN_NEW_00274,ACC0366,CUST0366,BR009,2025-01-18,23518.67,Deposit,Branch,Completed,2
TXN_NEW_00275,ACC0191,CUST0191,BR006,2025-01-18,2812.67,Fee,ATM,Completed,2
TXN_NEW_00276,ACC0382,CUST0382,BR008,2025-01-18,8559.89,Payment,Branch,Pending,2
TXN_NEW_00277,ACC0226,CUST0226,BR007,2025-01-17,2784.42,Fee,Online,Completed,2
TXN_NEW_00278,ACC0034,CUST0034,BR010,2025-01-13,8093.98,Withdrawal,ATM,Pending,2
TXN_NEW_00279,ACC0464,CUST0464,BR001,2025-01-16,1916.91,Transfer,Mobile,Completed,2
TXN_NEW_00280,ACC0138,CUST0138,BR008,2025-01-20,22244.92,Withdrawal,Branch,Completed,2
TXN_NEW_00281,ACC0241,CUST0241,BR010,2025-01-14,7551.32,Transfer,ATM,Completed,2
TXN_NEW_00282,ACC0028,CUST0028,BR002,2025-01-14,19175.01,Fee,Phone,Completed,2
TXN_NEW_00283,ACC0301,CUST0301,BR006,2025-01-11,16033.81,Payment,Branch,Completed,2
TXN_NEW_00284,ACC0423,CUST0423,BR006,2025-01-11,19025.16,Transfer,ATM,Completed,2
TXN_NEW_00285,ACC0008,CUST0008,BR003,2025-01-15,22536.69,Transfer,Branch,Completed,2
TXN_NEW_00286,ACC0437,CUST0437,BR004,2025-01-17,15808.26,Deposit,Branch,Completed,2
TXN_NEW_00287,ACC0469,CUST0469,BR008,2025-01-13,13463.16,Withdrawal,Branch,Completed,2
TXN_NEW_00288,ACC0019,CUST0019,BR003,2025-01-11,23005.86,Payment,ATM,Pending,2
TXN_NEW_00289,ACC0421,CUST0421,BR004,2025-01-17,2769.02,Withdrawal,ATM,Completed,2
TXN_NEW_00290,ACC0020,CUST0020,BR005,2025-01-13,24977.3,Withdrawal,Phone,Completed,2
TXN_NEW_00291,ACC0061,CUST0061,BR008,2025-01-20,15275.45,Payment,Mobile,Completed,2
TXN_NEW_00292,ACC0006,CUST0006,BR003,2025-01-11,21366.13,Transfer,Online,Completed,2
TXN_NEW_00293,ACC0247,CUST0247,BR001,2025-01-19,4591.89,Payment,ATM,Completed,2
TXN_NEW_00294,ACC0281,CUST0281,BR002,2025-01-11,2424.94,Withdrawal,Phone,Failed,2
TXN_NEW_00295,ACC0456,CUST0456,BR004,2025-01-15,17220.27,Payment,Phone,Completed,2
TXN_NEW_00296,ACC0231,CUST0231,BR010,2025-01-11,4887.94,Transfer,Online,Completed,2
TXN_NEW_00297,ACC0270,CUST0270,BR003,2025-01-12,9026.11,Payment,Mobile,Completed,2
TXN_NEW_00298,ACC0015,CUST0015,BR009,2025-01-12,8565.67,Withdrawal,Branch,Completed,2
TXN_NEW_00299,ACC0049,CUST0049,BR001,2025-01-18,2597.04,Fee,Mobile,Completed,2
TXN_NEW_00300,ACC0114,CUST0114,BR006,2025-01-14,3841.75,Fee,ATM,Completed,2
TXN_NEW_00301,ACC0091,CUST0091,BR008,2025-01-20,11789.3,Payment,Online,Completed,2
TXN_NEW_00302,ACC0329,CUST0329,BR002,2025-01-20,20475.73,Transfer,Mobile,Completed,2
TXN_NEW_00303,ACC0222,CUST0222,BR004,2025-01-12,103.28,Interest,Online,Completed,2
TXN_NEW_00304,ACC0442,CUST0442,BR003,2025-01-19,9371.28,Transfer,ATM,Completed,2
TXN_NEW_00305,ACC0305,CUST0305,BR001,2025-01-13,5546.15,Payment,Phone,Completed,2
TXN_NEW_00306,ACC0177,CUST0177,BR004,2025-01-19,23319.4,Transfer,Online,Completed,2
TXN_NEW_00307,ACC0204,CUST0204,BR008,2025-01-15,12629.98,Withdrawal,Branch,Pending,2
TXN_NEW_00308,ACC0214,CUST0214,BR008,2025-01-19,8498.3,Fee,Phone,Completed,2
TXN_NEW_00309,ACC0449,CUST0449,BR004,2025-01-15,20067.76,Payment,Online,Completed,2
TXN_NEW_00310,ACC0206,CUST0206,BR008,2025-01-11,19055.76,Transfer,Branch,Completed,2
TXN_NEW_00311,ACC0350,CUST0350,BR008,2025-01-19,21497.65,Withdrawal,Branch,Pending,2
TXN_NEW_00312,ACC0490,CUST0490,BR005,2025-01-16,23723.02,Deposit,Mobile,Failed,2
TXN_NEW_00313,ACC0410,CUST0410,BR009,2025-01-17,13697.96,Transfer,Mobile,Completed,2
TXN_NEW_00314,ACC0060,CUST0060,BR003,2025-01-19,11101.04,Deposit,Online,Completed,2
TXN_NEW_00315,ACC0493,CUST0493,BR007,2025-01-19,17725.35,Transfer,Branch,Completed,2
TXN_NEW_00316,ACC0290,CUST0290,BR003,2025-01-15,1756.19,Transfer,Mobile,Completed,2
TXN_NEW_00317,ACC0130,CUST0130,BR006,2025-01-14,573.18,Payment,Mobile,Completed,2
TXN_NEW_00318,ACC0211,CUST0211,BR004,2025-01-20,21741.78,Interest,ATM,Failed,2
TXN_NEW_00319,ACC0227,CUST0227,BR010,2025-01-19,4681.6,Deposit,Branch,Completed,2
TXN_NEW_00320,ACC0447,CUST0447,BR007,2025-01-16,7178.83,Deposit,ATM,Completed,2
TXN_NEW_00321,ACC0139,CUST0139,BR006,2025-01-14,476.53,Deposit,Branch,Completed,2
TXN_NEW_00322,ACC0091,CUST0091,BR002,2025-01-18,20073.35,Transfer,Online,Completed,2
TXN_NEW_00323,ACC0418,CUST0418,BR002,2025-01-13,17086.62,Deposit,Online,Completed,2
TXN_NEW_00324,ACC0267,CUST0267,BR005,2025-01-19,24022.81,Withdrawal,Phone,Completed,2
TXN_NEW_00325,ACC0422,CUST0422,BR010,2025-01-17,10877.24,Interest,Mobile,Completed,2
TXN_NEW_00326,ACC0237,CUST0237,BR009,2025-01-20,20156.47,Deposit,Phone,Completed,2
TXN_NEW_00327,ACC0153,CUST0153,BR008,2025-01-13,7325.47,Fee,Phone,Completed,2
TXN_NEW_00328,ACC0466,CUST0466,BR006,2025-01-11,23458.99,Deposit,Branch,Completed,2
TXN_NEW_00329,ACC0469,CUST0469,BR003,2025-01-17,19683.69,Interest,Branch,Completed,2
TXN_NEW_00330,ACC0446,CUST0446,BR009,2025-01-15,22906.34,Deposit,Mobile,Completed,2
TXN_NEW_00331,ACC0406,CUST0406,BR003,2025-01-13,2916.37,Transfer,Mobile,Completed,2
TXN_NEW_00332,ACC0326,CUST0326,BR005,2025-01-20,8176.62,Transfer,ATM,Completed,2
TXN_NEW_00333,ACC0495,CUST0495,BR003,2025-01-18,16313.28,Deposit,Mobile,Pending,2
TXN_NEW_00334,ACC0139,CUST0139,BR010,2025-01-17,19005.76,Deposit,Branch,Completed,2
TXN_NEW_00335,ACC0404,CUST0404,BR002,2025-01-13,5928.91,Withdrawal,Phone,Completed,2
TXN_NEW_00336,ACC0151,CUST0151,BR009,2025-01-14,15490.16,Withdrawal,Branch,Completed,2
TXN_NEW_00337,ACC0391,CUST0391,BR001,2025-01-19,6223.96,Fee,Online,Pending,2
TXN_NEW_00338,ACC0232,CUST0232,BR004,2025-01-17,21747.38,Withdrawal,Online,Completed,2
TXN_NEW_00339,ACC0054,CUST0054,BR002,2025-01-18,14934.11,Transfer,ATM,Completed,2
TXN_NEW_00340,ACC0250,CUST0250,BR005,2025-01-16,9771.11,Withdrawal,Phone,Completed,2
TXN_NEW_00341,ACC0160,CUST0160,BR001,2025-01-11,1316.38,Transfer,Branch,Completed,2
TXN_NEW_00342,ACC0478,CUST0478,BR002,2025-01-18,15652.87,Fee,Phone,Completed,2
TXN_NEW_00343,ACC0366,CUST0366,BR001,2025-01-19,17875.28,Transfer,Mobile,Completed,2
TXN_NEW_00344,ACC0273,CUST0273,BR002,2025-01-20,14312.92,Interest,ATM,Completed,2
TXN_NEW_00345,ACC0386,CUST0386,BR003,2025-01-11,3636.07,Deposit,ATM,Completed,2
TXN_NEW_00346,ACC0311,CUST0311,BR010,2025-01-17,15849.69,Payment,Phone,Pending,2
TXN_NEW_00347,ACC0184,CUST0184,BR009,2025-01-20,5044.56,Payment,Online,Pending,2
TXN_NEW_00348,ACC0153,CUST0153,BR003,2025-01-12,17197.45,Deposit,Mobile,Pending,2
TXN_NEW_00349,ACC0011,CUST0011,BR007,2025-01-11,15725.55,Deposit,Branch,Completed,2
TXN_NEW_00350,ACC0404,CUST0404,BR002,2025-01-14,16347.39,Fee,Online,Completed,2
TXN_NEW_00351,ACC0359,CUST0359,BR009,2025-01-17,15117.25,Interest,Mobile,Completed,2
TXN_NEW_00352,ACC0103,CUST0103,BR002,2025-01-19,23792.78,Payment,ATM,Completed,2
TXN_NEW_00353,ACC0405,CUST0405,BR007,2025-01-13,14113.64,Payment,Branch,Completed,2
TXN_NEW_00354,ACC0406,CUST0406,BR001,2025-01-14,21914.83,Fee,Online,Completed,2
TXN_NEW_00355,ACC0160,CUST0160,BR004,2025-01-15,22429.92,Deposit,Branch,Completed,2
TXN_NEW_00356,ACC0048,CUST0048,BR007,2025-01-13,955.03,Fee,Phone,Completed,2
TXN_NEW_00357,ACC0009,CUST0009,BR008,2025-01-11,1815.31,Interest,Phone,Completed,2
TXN_NEW_00358,ACC0206,CUST0206,BR001,2025-01-20,17135.14,Deposit,Mobile,Completed,2
TXN_NEW_00359,ACC0400,CUST0400,BR001,2025-01-16,15827.49,Transfer,Online,Failed,2
TXN_NEW_00360,ACC0466,CUST0466,BR008,2025-01-17,5912.57,Fee,Mobile,Pending,2
TXN_NEW_00361,ACC0350,CUST0350,BR008,2025-01-13,1589.85,Interest,Online,Completed,2
TXN_NEW_00362,ACC0388,CUST0388,BR005,2025-01-13,15511.52,Withdrawal,Mobile,Failed,2
TXN_NEW_00363,ACC0133,CUST0133,BR009,2025-01-17,15281.96,Deposit,ATM,Completed,2
TXN_NEW_00364,ACC0109,CUST0109,BR005,2025-01-12,16394.17,Deposit,Branch,Completed,2
TXN_NEW_00365,ACC0345,CUST0345,BR008,2025-01-11,22227.84,Deposit,Phone,Completed,2
TXN_NEW_00366,ACC0341,CUST0341,BR008,2025-01-20,24437.12,Interest,ATM,Completed,2
TXN_NEW_00367,ACC0074,CUST0074,BR001,2025-01-13,15882.34,Transfer,Branch,Completed,2
TXN_NEW_00368,ACC0077,CUST0077,BR008,2025-01-14,11036.92,Withdrawal,Phone,Completed,2
TXN_NEW_00369,ACC0418,CUST0418,BR001,2025-01-15,16436.04,Payment,Branch,Completed,2
TXN_NEW_00370,ACC0167,CUST0167,BR003,2025-01-17,22024.63,Transfer,Branch,Completed,2
TXN_NEW_00371,ACC0044,CUST0044,BR006,2025-01-18,20290.27,Transfer,Online,Completed,2
TXN_NEW_00372,ACC0239,CUST0239,BR003,2025-01-14,6080.15,Withdrawal,Phone,Completed,2
TXN_NEW_00373,ACC0128,CUST0128,BR007,2025-01-18,13458.59,Deposit,Online,Completed,2
TXN_NEW_00374,ACC0099,CUST0099,BR005,2025-01-19,2853.13,Fee,Online,Completed,2
TXN_NEW_00375,ACC0478,CUST0478,BR007,2025-01-19,10324.45,Deposit,Phone,Completed,2
TXN_NEW_00376,ACC0260,CUST0260,BR006,2025-01-12,13283.67,Transfer,Branch,Completed,2
TXN_NEW_00377,ACC0454,CUST0454,BR006,2025-01-19,17003.63,Payment,ATM,Completed,2
TXN_NEW_00378,ACC0495,CUST0495,BR009,2025-01-18,7874.8,Payment,ATM,Completed,2
TXN_NEW_00379,ACC0435,CUST0435,BR007,2025-01-11,17180.51,Transfer,Mobile,Pending,2
TXN_NEW_00380,ACC0376,CUST0376,BR010,2025-01-20,9354.21,Deposit,Phone,Completed,2
TXN_NEW_00381,ACC0004,CUST0004,BR001,2025-01-19,15209.99,Withdrawal,Online,Completed,2
TXN_NEW_00382,ACC0160,CUST0160,BR008,2025-01-17,21823.67,Deposit,Branch,Completed,2
TXN_NEW_00383,ACC0111,CUST0111,BR004,2025-01-12,19940.54,Withdrawal,ATM,Completed,2
TXN_NEW_00384,ACC0011,CUST0011,BR009,2025-01-19,6660.69,Interest,ATM,Completed,2
TXN_NEW_00385,ACC0088,CUST0088,BR008,2025-01-19,19934.94,Interest,Phone,Completed,2
TXN_NEW_00386,ACC0164,CUST0164,BR010,2025-01-20,10996.07,Interest,ATM,Pending,2
TXN_NEW_00387,ACC0002,CUST0002,BR008,2025-01-14,11432.31,Deposit,Phone,Completed,2
TXN_NEW_00388,ACC0366,CUST0366,BR008,2025-01-14,17142.06,Withdrawal,Online,Completed,2
TXN_NEW_00389,ACC0417,CUST0417,BR002,2025-01-15,5706.25,Fee,Mobile,Pending,2
TXN_NEW_00390,ACC0181,CUST0181,BR004,2025-01-16,9651.93,Transfer,ATM,Completed,2
TXN_NEW_00391,ACC0247,CUST0247,BR009,2025-01-16,22258.86,Deposit,Branch,Completed,2
TXN_NEW_00392,ACC0205,CUST0205,BR007,2025-01-16,16234.06,Fee,Online,Completed,2
TXN_NEW_00393,ACC0198,CUST0198,BR005,2025-01-20,8774.73,Payment,Phone,Completed,2
TXN_NEW_00394,ACC0164,CUST0164,BR007,2025-01-15,18394.87,Transfer,ATM,Completed,2
TXN_NEW_00395,ACC0189,CUST0189,BR002,2025-01-11,2949.45,Deposit,Online,Completed,2
TXN_NEW_00396,ACC0210,CUST0210,BR008,2025-01-17,9426.84,Withdrawal,Mobile,Completed,2
TXN_NEW_00397,ACC0251,CUST0251,BR008,2025-01-14,3870.32,Interest,Online,Completed,2
TXN_NEW_00398,ACC0399,CUST0399,BR007,2025-01-13,4472.79,Transfer,Phone,Completed,2
TXN_NEW_00399,ACC0429,CUST0429,BR009,2025-01-19,14298.44,Payment,Branch,Completed,2
TXN_NEW_00400,ACC0445,CUST0445,BR001,2025-01-11,16749.76,Transfer,Phone,Completed,2
TXN_NEW_00401,ACC0355,CUST0355,BR008,2025-01-27,5123.87,Deposit,Branch,Completed,3
TXN_NEW_00402,ACC0447,CUST0447,BR009,2025-01-22,20586.23,Deposit,Branch,Pending,3
TXN_NEW_00403,ACC0483,CUST0483,BR003,2025-01-30,18771.77,Payment,ATM,Failed,3
TXN_NEW_00404,ACC0448,CUST0448,BR002,2025-01-22,8478.7,Payment,Phone,Completed,3
TXN_NEW_00405,ACC0356,CUST0356,BR005,2025-01-23,19637.47,Withdrawal,Branch,Completed,3
TXN_NEW_00406,ACC0474,CUST0474,BR008,2025-01-30,3853.97,Withdrawal,Online,Completed,3
TXN_NEW_00407,ACC0486,CUST0486,BR009,2025-01-30,15119.4,Transfer,ATM,Completed,3
TXN_NEW_00408,ACC0408,CUST0408,BR001,2025-01-28,11705.68,Withdrawal,Mobile,Completed,3
TXN_NEW_00409,ACC0024,CUST0024,BR007,2025-01-29,4371.34,Transfer,Mobile,Completed,3
TXN_NEW_00410,ACC0400,CUST0400,BR008,2025-01-30,12751.21,Deposit,Online,Completed,3
TXN_NEW_00411,ACC0056,CUST0056,BR004,2025-01-21,8555.44,Withdrawal,Mobile,Completed,3
TXN_NEW_00412,ACC0376,CUST0376,BR002,2025-01-22,15375.45,Deposit,ATM,Failed,3
TXN_NEW_00413,ACC0326,CUST0326,BR003,2025-01-23,12994.62,Payment,Phone,Completed,3
TXN_NEW_00414,ACC0049,CUST0049,BR007,2025-01-31,20382.8,Deposit,Phone,Completed,3
TXN_NEW_00415,ACC0483,CUST0483,BR003,2025-01-28,17498.55,Fee,Online,Completed,3
TXN_NEW_00416,ACC0262,CUST0262,BR008,2025-01-22,7022.53,Interest,Mobile,Completed,3
TXN_NEW_00417,ACC0011,CUST0011,BR009,2025-01-21,9613.49,Deposit,Online,Completed,3
TXN_NEW_00418,ACC0404,CUST0404,BR010,2025-01-21,24137.67,Fee,ATM,Completed,3
TXN_NEW_00419,ACC0097,CUST0097,BR002,2025-01-25,21580.2,Deposit,Mobile,Completed,3
TXN_NEW_00420,ACC0367,CUST0367,BR009,2025-01-29,8565.0,Deposit,Mobile,Completed,3
TXN_NEW_00421,ACC0468,CUST0468,BR010,2025-01-28,10648.17,Deposit,Phone,Completed,3
TXN_NEW_00422,ACC0182,CUST0182,BR010,2025-01-23,14518.35,Withdrawal,Phone,Completed,3
TXN_NEW_00423,ACC0170,CUST0170,BR007,2025-01-29,20688.93,Payment,Online,Completed,3
TXN_NEW_00424,ACC0296,CUST0296,BR006,2025-01-26,14745.6,Deposit,Branch,Completed,3
TXN_NEW_00425,ACC0081,CUST0081,BR010,2025-01-21,7848.46,Deposit,Online,Completed,3
TXN_NEW_00426,ACC0211,CUST0211,BR009,2025-01-28,284.35,Transfer,ATM,Completed,3
TXN_NEW_00427,ACC0342,CUST0342,BR008,2025-01-29,24550.93,Withdrawal,Mobile,Completed,3
TXN_NEW_00428,ACC0228,CUST0228,BR002,2025-01-22,15133.28,Deposit,Branch,Completed,3
TXN_NEW_00429,ACC0157,CUST0157,BR010,2025-01-26,17182.04,Deposit,Mobile,Completed,3
TXN_NEW_00430,ACC0292,CUST0292,BR009,2025-01-26,11001.36,Withdrawal,Mobile,Completed,3
TXN_NEW_00431,ACC0295,CUST0295,BR007,2025-01-25,8633.83,Fee,Mobile,Completed,3
TXN_NEW_00432,ACC0322,CUST0322,BR007,2025-01-24,13067.6,Payment,Online,Completed,3
TXN_NEW_00433,ACC0240,CUST0240,BR007,2025-01-26,1336.97,Fee,ATM,Completed,3
TXN_NEW_00434,ACC0119,CUST0119,BR009,2025-01-27,17960.2,Deposit,Online,Completed,3
TXN_NEW_00435,ACC0103,CUST0103,BR004,2025-01-27,9549.19,Payment,Branch,Completed,3
TXN_NEW_00436,ACC0173,CUST0173,BR005,2025-01-28,544.21,Interest,Online,Completed,3
TXN_NEW_00437,ACC0450,CUST0450,BR008,2025-01-21,17238.21,Transfer,ATM,Completed,3
TXN_NEW_00438,ACC0402,CUST0402,BR006,2025-01-30,22275.71,Deposit,Branch,Completed,3
TXN_NEW_00439,ACC0110,CUST0110,BR010,2025-01-25,21095.43,Deposit,ATM,Completed,3
TXN_NEW_00440,ACC0053,CUST0053,BR002,2025-01-23,11363.6,Payment,Phone,Completed,3
TXN_NEW_00441,ACC0138,CUST0138,BR002,2025-01-27,16787.56,Transfer,Online,Completed,3
TXN_NEW_00442,ACC0385,CUST0385,BR004,2025-01-21,16758.13,Withdrawal,Phone,Completed,3
TXN_NEW_00443,ACC0064,CUST0064,BR005,2025-01-22,11910.09,Transfer,Online,Completed,3
TXN_NEW_00444,ACC0030,CUST0030,BR005,2025-01-24,6548.78,Transfer,Phone,Completed,3
TXN_NEW_00445,ACC0492,CUST0492,BR009,2025-01-30,20678.72,Deposit,ATM,Completed,3
TXN_NEW_00446,ACC0186,CUST0186,BR001,2025-01-28,11768.78,Withdrawal,ATM,Completed,3
TXN_NEW_00447,ACC0402,CUST0402,BR005,2025-01-22,3886.08,Payment,ATM,Completed,3
TXN_NEW_00448,ACC0144,CUST0144,BR006,2025-01-28,19522.03,Deposit,Phone,Failed,3
TXN_NEW_00449,ACC0360,CUST0360,BR003,2025-01-28,16633.48,Payment,Phone,Completed,3
TXN_NEW_00450,ACC0422,CUST0422,BR009,2025-01-22,3738.13,Deposit,Online,Completed,3
TXN_NEW_00451,ACC0365,CUST0365,BR007,2025-01-31,14419.96,Payment,ATM,Completed,3
TXN_NEW_00452,ACC0264,CUST0264,BR008,2025-01-23,23885.02,Interest,Branch,Completed,3
TXN_NEW_00453,ACC0378,CUST0378,BR004,2025-01-30,3503.55,Transfer,Phone,Completed,3
TXN_NEW_00454,ACC0404,CUST0404,BR004,2025-01-28,6737.67,Fee,Phone,Completed,3
TXN_NEW_00455,ACC0204,CUST0204,BR010,2025-01-29,20648.18,Transfer,Mobile,Completed,3
TXN_NEW_00456,ACC0076,CUST0076,BR004,2025-01-23,24275.43,Payment,Mobile,Completed,3
TXN_NEW_00457,ACC0377,CUST0377,BR005,2025-01-25,21413.66,Transfer,Phone,Completed,3
TXN_NEW_00458,ACC0194,CUST0194,BR006,2025-01-30,5306.6,Withdrawal,ATM,Completed,3
TXN_NEW_00459,ACC0500,CUST0500,BR001,2025-01-24,2269.75,Withdrawal,ATM,Completed,3
TXN_NEW_00460,ACC0266,CUST0266,BR006,2025-01-25,6332.1,Interest,ATM,Completed,3
TXN_NEW_00461,ACC0050,CUST0050,BR003,2025-01-25,6616.25,Transfer,Phone,Completed,3
TXN_NEW_00462,ACC0395,CUST0395,BR005,2025-01-25,12992.96,Payment,ATM,Completed,3
TXN_NEW_00463,ACC0470,CUST0470,BR006,2025-01-28,17856.96,Transfer,Phone,Completed,3
TXN_NEW_00464,ACC0336,CUST0336,BR005,2025-01-25,2067.61,Transfer,Branch,Completed,3
TXN_NEW_00465,ACC0450,CUST0450,BR006,2025-01-30,11086.68,Withdrawal,ATM,Completed,3
TXN_NEW_00466,ACC0018,CUST0018,BR010,2025-01-24,4829.27,Transfer,Online,Completed,3
TXN_NEW_00467,ACC0177,CUST0177,BR001,2025-01-29,9681.42,Transfer,ATM,Completed,3
TXN_NEW_00468,ACC0135,CUST0135,BR007,2025-01-23,3414.44,Transfer,Online,Completed,3
TXN_NEW_00469,ACC0006,CUST0006,BR008,2025-01-31,2854.77,Deposit,ATM,Completed,3
TXN_NEW_00470,ACC0348,CUST0348,BR009,2025-01-28,10255.59,Withdrawal,Mobile,Completed,3
TXN_NEW_00471,ACC0473,CUST0473,BR008,2025-01-30,11386.02,Withdrawal,Online,Completed,3
TXN_NEW_00472,ACC0198,CUST0198,BR005,2025-01-29,14774.01,Transfer,Mobile,Completed,3
TXN_NEW_00473,ACC0466,CUST0466,BR007,2025-01-25,698.44,Deposit,ATM,Completed,3
TXN_NEW_00474,ACC0380,CUST0380,BR007,2025-01-24,22276.8,Transfer,Online,Completed,3
TXN_NEW_00475,ACC0442,CUST0442,BR002,2025-01-29,19242.92,Deposit,Phone,Completed,3
TXN_NEW_00476,ACC0150,CUST0150,BR005,2025-01-23,20000.01,Deposit,Mobile,Completed,3
TXN_NEW_00477,ACC0338,CUST0338,BR001,2025-01-23,15208.38,Transfer,ATM,Completed,3
TXN_NEW_00478,ACC0359,CUST0359,BR005,2025-01-25,1296.94,Fee,Phone,Completed,3
TXN_NEW_00479,ACC0199,CUST0199,BR009,2025-01-22,1109.26,Payment,Phone,Pending,3
TXN_NEW_00480,ACC0311,CUST0311,BR004,2025-01-29,18849.15,Payment,Mobile,Completed,3
TXN_NEW_00481,ACC0141,CUST0141,BR001,2025-01-29,8999.07,Withdrawal,Mobile,Completed,3
TXN_NEW_00482,ACC0363,CUST0363,BR007,2025-01-24,7997.87,Deposit,Mobile,Completed,3
TXN_NEW_00483,ACC0145,CUST0145,BR006,2025-01-21,12577.71,Withdrawal,Phone,Completed,3
TXN_NEW_00484,ACC0465,CUST0465,BR008,2025-01-28,9074.32,Fee,Mobile,Pending,3
TXN_NEW_00485,ACC0191,CUST0191,BR002,2025-01-31,14203.89,Payment,Branch,Completed,3
TXN_NEW_00486,ACC0247,CUST0247,BR003,2025-01-31,11145.45,Payment,Mobile,Completed,3
TXN_NEW_00487,ACC0360,CUST0360,BR007,2025-01-23,1494.09,Deposit,Mobile,Completed,3
TXN_NEW_00488,ACC0273,CUST0273,BR007,2025-01-25,7150.53,Transfer,Branch,Completed,3
TXN_NEW_00489,ACC0313,CUST0313,BR008,2025-01-31,16122.77,Deposit,ATM,Completed,3
TXN_NEW_00490,ACC0275,CUST0275,BR007,2025-01-28,18152.54,Deposit,Phone,Completed,3
TXN_NEW_00491,ACC0141,CUST0141,BR005,2025-01-31,5520.07,Deposit,Mobile,Completed,3
TXN_NEW_00492,ACC0249,CUST0249,BR005,2025-01-29,19872.22,Fee,ATM,Completed,3
TXN_NEW_00493,ACC0476,CUST0476,BR003,2025-01-29,22583.61,Withdrawal,Online,Completed,3
TXN_NEW_00494,ACC0049,CUST0049,BR007,2025-01-26,659.18,Withdrawal,Mobile,Failed,3
TXN_NEW_00495,ACC0154,CUST0154,BR003,2025-01-24,16056.46,Payment,Phone,Completed,3
TXN_NEW_00496,ACC0252,CUST0252,BR002,2025-01-25,10182.16,Withdrawal,Branch,Completed,3
TXN_NEW_00497,ACC0042,CUST0042,BR004,2025-01-22,8976.4,Transfer,Online,Completed,3
TXN_NEW_00498,ACC0410,CUST0410,BR002,2025-01-25,10123.81,Deposit,Mobile,Completed,3
TXN_NEW_00499,ACC0042,CUST0042,BR008,2025-01-22,19037.19,Deposit,Phone,Completed,3
TXN_NEW_00500,ACC0100,CUST0100,BR007,2025-01-26,23083.6,Payment,Online,Completed,3
TXN_NEW_00501,ACC0151,CUST0151,BR005,2025-01-29,22580.34,Deposit,Branch,Completed,3
TXN_NEW_00502,ACC0428,CUST0428,BR001,2025-01-21,22079.27,Payment,Mobile,Completed,3
TXN_NEW_00503,ACC0188,CUST0188,BR010,2025-01-26,13161.79,Withdrawal,Mobile,Pending,3
TXN_NEW_00504,ACC0242,CUST0242,BR005,2025-01-24,11740.81,Deposit,Branch,Failed,3
TXN_NEW_00505,ACC0348,CUST0348,BR005,2025-01-23,21304.21,Interest,Branch,Completed,3
TXN_NEW_00506,ACC0331,CUST0331,BR001,2025-01-31,11108.11,Withdrawal,Branch,Pending,3
TXN_NEW_00507,ACC0336,CUST0336,BR010,2025-01-22,18823.85,Transfer,Phone,Failed,3
TXN_NEW_00508,ACC0301,CUST0301,BR005,2025-01-26,12230.55,Deposit,Phone,Completed,3
TXN_NEW_00509,ACC0411,CUST0411,BR008,2025-01-31,11653.25,Transfer,Mobile,Failed,3
TXN_NEW_00510,ACC0201,CUST0201,BR002,2025-01-23,11256.19,Deposit,Phone,Completed,3
TXN_NEW_00511,ACC0358,CUST0358,BR002,2025-01-21,15831.88,Payment,Phone,Completed,3
TXN_NEW_00512,ACC0127,CUST0127,BR007,2025-01-29,10997.93,Payment,Online,Completed,3
TXN_NEW_00513,ACC0136,CUST0136,BR001,2025-01-22,5898.12,Deposit,Branch,Completed,3
TXN_NEW_00514,ACC0488,CUST0488,BR006,2025-01-26,14486.04,Withdrawal,Mobile,Completed,3
TXN_NEW_00515,ACC0052,CUST0052,BR007,2025-01-25,4456.03,Transfer,Branch,Completed,3
TXN_NEW_00516,ACC0479,CUST0479,BR007,2025-01-29,24411.81,Fee,Branch,Completed,3
TXN_NEW_00517,ACC0225,CUST0225,BR003,2025-01-23,397.08,Deposit,Branch,Failed,3
TXN_NEW_00518,ACC0307,CUST0307,BR004,2025-01-27,2097.62,Deposit,Online,Completed,3
TXN_NEW_00519,ACC0072,CUST0072,BR006,2025-01-23,5137.81,Transfer,Branch,Completed,3
TXN_NEW_00520,ACC0421,CUST0421,BR009,2025-01-24,21500.26,Transfer,Online,Completed,3
TXN_NEW_00521,ACC0267,CUST0267,BR005,2025-01-31,22380.55,Fee,Phone,Failed,3
TXN_NEW_00522,ACC0123,CUST0123,BR005,2025-01-26,4407.93,Deposit,Mobile,Completed,3
TXN_NEW_00523,ACC0153,CUST0153,BR005,2025-01-31,21829.2,Withdrawal,Mobile,Completed,3
TXN_NEW_00524,ACC0352,CUST0352,BR007,2025-01-31,19935.87,Transfer,Mobile,Completed,3
TXN_NEW_00525,ACC0244,CUST0244,BR004,2025-01-21,10743.14,Deposit,ATM,Pending,3
TXN_NEW_00526,ACC0214,CUST0214,BR001,2025-01-31,5653.84,Deposit,ATM,Completed,3
TXN_NEW_00527,ACC0316,CUST0316,BR010,2025-01-23,12083.34,Transfer,Mobile,Failed,3
TXN_NEW_00528,ACC0057,CUST0057,BR009,2025-01-24,7403.82,Interest,Branch,Completed,3
TXN_NEW_00529,ACC0246,CUST0246,BR009,2025-01-31,21600.53,Transfer,ATM,Completed,3
TXN_NEW_00530,ACC0186,CUST0186,BR006,2025-01-25,10330.36,Deposit,Phone,Completed,3
TXN_NEW_00531,ACC0372,CUST0372,BR003,2025-01-25,8617.32,Interest,Online,Completed,3
TXN_NEW_00532,ACC0492,CUST0492,BR007,2025-01-28,11674.78,Deposit,Mobile,Completed,3
TXN_NEW_00533,ACC0493,CUST0493,BR004,2025-01-21,12011.87,Transfer,ATM,Failed,3
TXN_NEW_00534,ACC0081,CUST0081,BR004,2025-01-24,23466.14,Payment,Online,Completed,3
TXN_NEW_00535,ACC0164,CUST0164,BR002,2025-01-26,1211.49,Transfer,Mobile,Pending,3
TXN_NEW_00536,ACC0164,CUST0164,BR006,2025-01-28,9194.04,Fee,Online,Pending,3
TXN_NEW_00537,ACC0050,CUST0050,BR009,2025-01-31,8107.84,Transfer,Branch,Completed,3
TXN_NEW_00538,ACC0230,CUST0230,BR004,2025-01-21,22808.75,Interest,Phone,Completed,3
TXN_NEW_00539,ACC0449,CUST0449,BR009,2025-01-28,6696.8,Withdrawal,ATM,Failed,3
TXN_NEW_00540,ACC0485,CUST0485,BR006,2025-01-31,6084.39,Deposit,Branch,Completed,3
TXN_NEW_00541,ACC0489,CUST0489,BR008,2025-01-27,7700.64,Deposit,Phone,Completed,3
TXN_NEW_00542,ACC0145,CUST0145,BR007,2025-01-25,4050.11,Deposit,Online,Completed,3
TXN_NEW_00543,ACC0048,CUST0048,BR004,2025-01-30,19608.81,Payment,Online,Completed,3
TXN_NEW_00544,ACC0118,CUST0118,BR001,2025-01-21,23809.35,Deposit,Online,Completed,3
TXN_NEW_00545,ACC0492,CUST0492,BR002,2025-01-26,21076.29,Transfer,ATM,Completed,3
TXN_NEW_00546,ACC0472,CUST0472,BR002,2025-01-24,4935.79,Interest,Online,Completed,3
TXN_NEW_00547,ACC0151,CUST0151,BR004,2025-01-25,11783.72,Transfer,Phone,Completed,3
TXN_NEW_00548,ACC0254,CUST0254,BR007,2025-01-30,4256.99,Payment,Branch,Failed,3
TXN_NEW_00549,ACC0429,CUST0429,BR004,2025-01-26,4563.14,Transfer,ATM,Completed,3
TXN_NEW_00550,ACC0120,CUST0120,BR009,2025-01-30,20295.33,Withdrawal,Branch,Completed,3
TXN_NEW_00551,ACC0046,CUST0046,BR005,2025-01-30,24954.92,Withdrawal,Mobile,Completed,3
TXN_NEW_00552,ACC0128,CUST0128,BR010,2025-01-29,16365.92,Interest,Mobile,Completed,3
TXN_NEW_00553,ACC0458,CUST0458,BR003,2025-01-22,10719.77,Withdrawal,Phone,Completed,3
TXN_NEW_00554,ACC0006,CUST0006,BR003,2025-01-24,6188.2,Transfer,Phone,Completed,3
TXN_NEW_00555,ACC0066,CUST0066,BR005,2025-01-23,7034.73,Fee,Phone,Completed,3
TXN_NEW_00556,ACC0146,CUST0146,BR010,2025-01-24,8588.94,Transfer,Phone,Completed,3
TXN_NEW_00557,ACC0377,CUST0377,BR005,2025-01-22,9561.0,Interest,Mobile,Failed,3
TXN_NEW_00558,ACC0447,CUST0447,BR006,2025-01-31,17701.92,Deposit,Branch,Completed,3
TXN_NEW_00559,ACC0345,CUST0345,BR002,2025-01-26,6105.34,Payment,ATM,Completed,3
TXN_NEW_00560,ACC0252,CUST0252,BR003,2025-01-26,10499.96,Transfer,Phone,Completed,3
TXN_NEW_00561,ACC0476,CUST0476,BR008,2025-01-23,1275.16,Withdrawal,Phone,Failed,3
TXN_NEW_00562,ACC0416,CUST0416,BR005,2025-01-30,15639.98,Deposit,Phone,Completed,3
TXN_NEW_00563,ACC0448,CUST0448,BR003,2025-01-24,6416.1,Fee,Phone,Completed,3
TXN_NEW_00564,ACC0141,CUST0141,BR007,2025-01-21,11274.48,Transfer,Phone,Completed,3
TXN_NEW_00565,ACC0007,CUST0007,BR005,2025-01-28,2428.54,Interest,Mobile,Completed,3
TXN_NEW_00566,ACC0171,CUST0171,BR010,2025-01-28,105.6,Deposit,Phone,Completed,3
TXN_NEW_00567,ACC0357,CUST0357,BR003,2025-01-23,1844.34,Deposit,Online,Pending,3
TXN_NEW_00568,ACC0163,CUST0163,BR003,2025-01-29,8520.13,Deposit,Online,Completed,3
TXN_NEW_00569,ACC0394,CUST0394,BR003,2025-01-21,2763.12,Payment,Branch,Completed,3
TXN_NEW_00570,ACC0053,CUST0053,BR006,2025-01-26,8364.72,Withdrawal,ATM,Completed,3
TXN_NEW_00571,ACC0083,CUST0083,BR007,2025-01-25,1280.71,Deposit,Mobile,Completed,3
TXN_NEW_00572,ACC0008,CUST0008,BR004,2025-01-23,23671.8,Withdrawal,Mobile,Failed,3
TXN_NEW_00573,ACC0173,CUST0173,BR004,2025-01-29,15710.69,Deposit,Mobile,Failed,3
TXN_NEW_00574,ACC0281,CUST0281,BR009,2025-01-30,12269.05,Transfer,Mobile,Completed,3
TXN_NEW_00575,ACC0188,CUST0188,BR006,2025-01-29,7592.29,Withdrawal,Online,Completed,3
TXN_NEW_00576,ACC0403,CUST0403,BR009,2025-01-26,9836.35,Transfer,Phone,Pending,3
TXN_NEW_00577,ACC0032,CUST0032,BR001,2025-01-25,3960.06,Transfer,ATM,Completed,3
TXN_NEW_00578,ACC0065,CUST0065,BR006,2025-01-21,4921.53,Withdrawal,Mobile,Completed,3
TXN_NEW_00579,ACC0404,CUST0404,BR009,2025-01-23,6143.19,Withdrawal,Phone,Completed,3
TXN_NEW_00580,ACC0372,CUST0372,BR003,2025-01-29,16956.18,Withdrawal,Phone,Failed,3
TXN_NEW_00581,ACC0361,CUST0361,BR003,2025-01-30,24381.25,Transfer,Mobile,Completed,3
TXN_NEW_00582,ACC0153,CUST0153,BR010,2025-01-24,20569.38,Deposit,Phone,Completed,3
TXN_NEW_00583,ACC0261,CUST0261,BR005,2025-01-31,7800.34,Withdrawal,Branch,Completed,3
TXN_NEW_00584,ACC0300,CUST0300,BR006,2025-01-30,17711.93,Deposit,Online,Failed,3
TXN_NEW_00585,ACC0228,CUST0228,BR008,2025-01-29,5223.44,Withdrawal,Online,Completed,3
TXN_NEW_00586,ACC0495,CUST0495,BR009,2025-01-31,22801.53,Interest,Mobile,Completed,3
TXN_NEW_00587,ACC0410,CUST0410,BR005,2025-01-25,20596.22,Withdrawal,Branch,Completed,3
TXN_NEW_00588,ACC0041,CUST0041,BR003,2025-01-27,2959.8,Transfer,Online,Failed,3
TXN_NEW_00589,ACC0384,CUST0384,BR008,2025-01-23,8838.3,Payment,Phone,Completed,3
TXN_NEW_00590,ACC0066,CUST0066,BR003,2025-01-30,10805.9,Withdrawal,Branch,Completed,3
TXN_NEW_00591,ACC0364,CUST0364,BR009,2025-01-27,24932.56,Withdrawal,Online,Completed,3
TXN_NEW_00592,ACC0003,CUST0003,BR006,2025-01-30,20148.25,Payment,Phone,Completed,3
TXN_NEW_00593,ACC0278,CUST0278,BR004,2025-01-25,22438.86,Fee,Online,Completed,3
TXN_NEW_00594,ACC0331,CUST0331,BR006,2025-01-21,23380.6,Withdrawal,Phone,Completed,3
TXN_NEW_00595,ACC0054,CUST0054,BR009,2025-01-24,771.8,Interest,ATM,Failed,3
TXN_NEW_00596,ACC0180,CUST0180,BR004,2025-01-21,11654.04,Transfer,ATM,Completed,3
TXN_NEW_00597,ACC0411,CUST0411,BR007,2025-01-25,14919.01,Deposit,ATM,Completed,3
TXN_NEW_00598,ACC0140,CUST0140,BR003,2025-01-27,15239.11,Withdrawal,Mobile,Completed,3
TXN_NEW_00599,ACC0440,CUST0440,BR007,2025-01-27,24076.39,Interest,Mobile,Completed,3
TXN_NEW_00600,ACC0060,CUST0060,BR008,2025-01-26,13569.8,Payment,Online,Completed,3
