CustomerID,FirstName,LastName,Email,Phone,DateOfBirth,Gender,Address,City,State,ZipCode,CustomerSegment,JoinDate,CreditScore
CUST0001,Nancy,Lee,nancy.lee65@email.com,(816) 227-4257,1992-11-07,M,9028 Park Blvd,Los Angeles,CA,38893,Premium,2017-06-14,599
CUST0002,Joseph,Perez,joseph.perez20@email.com,(420) 981-6514,1955-08-01,F,1774 Main St,Phoenix,AZ,59797,Basic,2018-10-25,622
CUST0003,Patricia,Taylor,patricia.taylor49@email.com,(280) 765-5803,1978-09-24,M,6025 Cedar Ln,Philadelphia,PA,35203,Basic,2021-01-05,543
CUST0004,Daniel,Williams,daniel.williams49@email.com,(484) 664-6977,1975-06-12,F,2764 Elm Dr,New York,NY,56566,Student,2017-08-11,531
CUST0005,Michael,Wilson,michael.wilson49@email.com,(476) 855-4598,1970-05-09,M,5413 Main St,Los Angeles,CA,40021,Basic,2016-10-31,716
CUST0006,Mary,Anderson,mary.anderson28@email.com,(871) 711-7482,1979-01-08,M,7617 Oak Ave,San Antonio,TX,44718,Standard,2021-05-12,641
CUST0007,Robert,Davis,robert.davis47@email.com,(424) 341-9348,1978-07-28,M,8185 Main St,Dallas,TX,16175,Standard,2021-07-18,684
CUST0008,Patricia,Jones,patricia.jones60@email.com,(741) 457-1188,1992-11-15,M,1976 Cedar Ln,Chicago,IL,44973,Premium,2019-04-13,785
CUST0009,Matthew,Anderson,matthew.anderson65@email.com,(980) 382-9317,1981-05-01,M,1843 Elm Dr,Los Angeles,CA,93748,Standard,2015-01-14,614
CUST0010,Thomas,Thompson,thomas.thompson1@email.com,(813) 531-9005,1968-09-17,F,419 Main St,Houston,TX,57576,Basic,2021-01-18,751
CUST0011,Margaret,Martinez,margaret.martinez94@email.com,(697) 270-9727,1960-03-13,F,2160 Oak Ave,Houston,TX,96474,Corporate,2015-11-19,523
CUST0012,Sarah,Lee,sarah.lee70@email.com,(973) 947-4295,1978-10-12,M,5207 Park Blvd,Chicago,IL,98039,Corporate,2019-09-30,588
CUST0013,Christopher,Taylor,christopher.taylor3@email.com,(802) 767-4770,1995-07-04,M,9741 Oak Ave,San Diego,CA,10942,Standard,2015-09-20,653
CUST0014,John,Johnson,john.johnson31@email.com,(485) 885-8953,1961-01-17,M,3610 Cedar Ln,Houston,TX,27342,Corporate,2015-10-18,743
CUST0015,Betty,Perez,betty.perez13@email.com,(299) 874-8062,1997-05-28,F,5904 Park Blvd,San Jose,CA,63883,Basic,2019-07-26,577
CUST0016,Joseph,Johnson,joseph.johnson32@email.com,(396) 394-9786,1960-06-09,M,7450 Oak Ave,Los Angeles,CA,65296,Basic,2023-12-24,535
CUST0017,Jennifer,Wilson,jennifer.wilson7@email.com,(867) 753-1241,1977-05-30,M,1628 Oak Ave,San Diego,CA,31798,Standard,2021-03-04,530
CUST0018,Jessica,Jackson,jessica.jackson1@email.com,(599) 471-8454,1974-03-06,M,4773 Park Blvd,San Diego,CA,82845,Corporate,2016-11-05,674
CUST0019,Nancy,Jackson,nancy.jackson95@email.com,(755) 262-6138,1972-01-14,F,1036 Main St,Chicago,IL,86569,Standard,2015-08-28,776
CUST0020,Sarah,Martin,sarah.martin9@email.com,(809) 269-4853,1969-02-14,M,6715 Main St,Dallas,TX,84668,Student,2015-11-25,575
CUST0021,Linda,Perez,linda.perez73@email.com,(735) 523-5272,1958-07-26,M,3446 Elm Dr,San Jose,CA,41285,Premium,2022-05-16,778
CUST0022,William,Thomas,william.thomas2@email.com,(669) 836-2638,1981-11-30,M,1300 Cedar Ln,Chicago,IL,37938,Standard,2023-06-07,517
CUST0023,Thomas,Wilson,thomas.wilson21@email.com,(648) 756-5956,1986-04-24,M,8766 Main St,Chicago,IL,97538,Corporate,2019-02-22,625
CUST0024,Karen,Martinez,karen.martinez20@email.com,(478) 488-4450,1967-01-18,F,5717 Oak Ave,Los Angeles,CA,93130,Premium,2016-03-14,763
CUST0025,William,Martin,william.martin6@email.com,(203) 541-3143,1977-07-12,M,4391 Oak Ave,San Diego,CA,67912,Premium,2019-10-01,621
CUST0026,Karen,Hernandez,karen.hernandez70@email.com,(236) 578-3426,1955-11-13,M,7141 Oak Ave,Dallas,TX,15482,Premium,2022-10-01,556
CUST0027,Barbara,Taylor,barbara.taylor46@email.com,(998) 773-7658,1987-02-06,F,2632 Oak Ave,New York,NY,31299,Basic,2022-06-24,532
CUST0028,Margaret,Garcia,margaret.garcia86@email.com,(952) 454-5371,1957-03-23,F,2708 Main St,San Antonio,TX,60140,Basic,2018-09-22,690
CUST0029,Mary,Jackson,mary.jackson29@email.com,(224) 875-4164,1972-11-26,M,6628 Elm Dr,Houston,TX,46517,Standard,2023-12-02,596
CUST0030,John,Wilson,john.wilson4@email.com,(318) 467-3925,2000-09-13,M,9612 Elm Dr,Philadelphia,PA,15014,Basic,2021-01-05,649
CUST0031,Patricia,Thompson,patricia.thompson50@email.com,(790) 394-5173,1986-01-05,F,827 Park Blvd,San Antonio,TX,10221,Standard,2020-09-25,539
CUST0032,Thomas,Lee,thomas.lee80@email.com,(521) 879-3041,1987-09-04,M,5020 Cedar Ln,Houston,TX,50538,Premium,2022-06-13,649
CUST0033,Nancy,Hernandez,nancy.hernandez86@email.com,(588) 893-3851,1991-02-06,F,9424 Elm Dr,Philadelphia,PA,63225,Basic,2017-02-24,695
CUST0034,Karen,Smith,karen.smith84@email.com,(529) 676-8238,1980-09-27,F,7344 Oak Ave,Phoenix,AZ,77000,Standard,2021-07-03,790
CUST0035,Sarah,Garcia,sarah.garcia12@email.com,(969) 440-6085,1980-06-17,M,3780 Oak Ave,Los Angeles,CA,29313,Basic,2021-12-11,651
CUST0036,James,Johnson,james.johnson54@email.com,(844) 789-4185,1997-08-17,M,6391 Park Blvd,Houston,TX,62383,Corporate,2015-10-26,713
CUST0037,Linda,Jones,linda.jones60@email.com,(251) 770-5082,1964-07-24,M,2088 Park Blvd,New York,NY,27477,Standard,2022-10-21,745
CUST0038,Margaret,Moore,margaret.moore55@email.com,(761) 656-3607,1983-06-20,M,7877 Park Blvd,Dallas,TX,43972,Basic,2023-01-25,738
CUST0039,Matthew,Davis,matthew.davis31@email.com,(478) 543-6238,1998-06-23,F,8949 Main St,Phoenix,AZ,28136,Standard,2015-11-14,626
CUST0040,Robert,Davis,robert.davis70@email.com,(677) 625-2020,1968-09-16,F,3488 Park Blvd,San Antonio,TX,61049,Premium,2019-07-28,649
CUST0041,Matthew,Perez,matthew.perez97@email.com,(599) 629-9818,1989-02-15,M,9047 Cedar Ln,New York,NY,38906,Premium,2018-12-11,632
CUST0042,Sarah,Davis,sarah.davis93@email.com,(369) 678-3091,1994-02-06,M,8851 Main St,Phoenix,AZ,61645,Premium,2018-10-08,687
CUST0043,Charles,Perez,charles.perez7@email.com,(466) 588-6363,1962-07-13,M,3567 Park Blvd,New York,NY,52840,Premium,2020-03-06,573
CUST0044,David,Thomas,david.thomas96@email.com,(752) 253-6733,1992-10-26,F,3773 Main St,Phoenix,AZ,95426,Corporate,2020-04-10,489
CUST0045,Mary,Smith,mary.smith61@email.com,(885) 317-4571,1972-11-19,M,7719 Elm Dr,Houston,TX,58351,Basic,2017-09-04,544
CUST0046,Jennifer,Thompson,jennifer.thompson4@email.com,(519) 789-7149,1965-04-11,F,6598 Oak Ave,San Jose,CA,19961,Student,2016-03-18,776
CUST0047,Charles,Davis,charles.davis6@email.com,(555) 745-8018,1982-01-21,M,6171 Main St,Los Angeles,CA,76317,Corporate,2023-12-06,769
CUST0048,Christopher,Anderson,christopher.anderson59@email.com,(924) 356-8135,1992-09-07,M,2985 Cedar Ln,New York,NY,95256,Premium,2019-01-23,805
CUST0049,William,Thompson,william.thompson35@email.com,(530) 451-2419,1998-05-18,M,4669 Park Blvd,Dallas,TX,41963,Standard,2023-03-14,783
CUST0050,Matthew,Moore,matthew.moore63@email.com,(417) 563-5232,1988-12-31,F,5676 Elm Dr,San Jose,CA,88139,Premium,2018-08-24,573
CUST0051,Daniel,Wilson,daniel.wilson93@email.com,(616) 700-4937,1955-11-29,M,7900 Park Blvd,Dallas,TX,68743,Corporate,2015-12-17,603
CUST0052,Margaret,Smith,margaret.smith85@email.com,(795) 577-8753,1981-05-25,F,9168 Cedar Ln,Los Angeles,CA,55056,Standard,2017-09-23,636
CUST0053,Jessica,Lee,jessica.lee16@email.com,(938) 397-6169,1986-07-25,M,2058 Cedar Ln,Philadelphia,PA,34267,Standard,2017-10-26,598
CUST0054,Michael,Miller,michael.miller37@email.com,(302) 398-5853,1979-10-22,M,3827 Elm Dr,San Diego,CA,33519,Student,2020-11-18,785
CUST0055,Barbara,Smith,barbara.smith38@email.com,(914) 329-9042,1966-05-10,F,1780 Main St,Dallas,TX,85243,Premium,2015-08-12,763
CUST0056,Barbara,Jackson,barbara.jackson62@email.com,(316) 266-7565,1994-07-08,F,8156 Main St,San Diego,CA,85631,Standard,2015-07-30,609
CUST0057,Christopher,Johnson,christopher.johnson16@email.com,(771) 982-7818,1968-05-20,M,9866 Cedar Ln,Chicago,IL,39581,Corporate,2015-12-15,607
CUST0058,Matthew,Martin,matthew.martin40@email.com,(782) 835-1986,1995-06-02,M,1725 Oak Ave,San Antonio,TX,91987,Standard,2021-08-07,699
CUST0059,Michael,Wilson,michael.wilson1@email.com,(618) 661-8699,1969-02-02,F,4871 Main St,Los Angeles,CA,40340,Standard,2015-11-04,560
CUST0060,Barbara,Martinez,barbara.martinez76@email.com,(877) 402-7965,1961-05-21,F,1980 Cedar Ln,San Diego,CA,39466,Corporate,2023-11-01,800
CUST0061,Christopher,Jones,christopher.jones77@email.com,(966) 782-5728,1967-10-05,M,7295 Main St,Phoenix,AZ,71433,Premium,2023-11-21,637
CUST0062,Daniel,Martinez,daniel.martinez77@email.com,(240) 642-6280,1979-06-04,M,9991 Elm Dr,San Antonio,TX,13390,Standard,2019-11-29,521
CUST0063,John,Davis,john.davis61@email.com,(731) 867-8245,1956-11-10,F,4657 Oak Ave,San Jose,CA,86720,Basic,2023-07-23,569
CUST0064,Jessica,Jackson,jessica.jackson21@email.com,(537) 621-9117,1997-03-02,F,4822 Park Blvd,Los Angeles,CA,82102,Standard,2018-08-08,533
CUST0065,Mary,Moore,mary.moore66@email.com,(201) 873-9889,1983-03-21,F,7669 Park Blvd,Los Angeles,CA,17104,Standard,2023-08-31,686
CUST0066,Michael,Martin,michael.martin71@email.com,(334) 494-8178,1999-09-21,M,8041 Main St,Philadelphia,PA,13783,Basic,2017-04-13,616
CUST0067,Christopher,Thompson,christopher.thompson12@email.com,(430) 316-8560,1969-03-17,F,2024 Oak Ave,Houston,TX,75323,Basic,2021-03-12,688
CUST0068,Daniel,Martinez,daniel.martinez59@email.com,(764) 348-7284,1979-07-13,M,3222 Cedar Ln,Dallas,TX,76616,Corporate,2020-04-18,604
CUST0069,Betty,Jones,betty.jones35@email.com,(202) 489-5891,1979-10-14,M,9716 Cedar Ln,Los Angeles,CA,96499,Standard,2023-11-01,739
CUST0070,Sarah,Jones,sarah.jones49@email.com,(666) 529-4090,1998-06-14,F,4012 Cedar Ln,San Diego,CA,60196,Standard,2023-07-22,758
CUST0071,Linda,Hernandez,linda.hernandez85@email.com,(867) 355-9115,1983-07-19,M,706 Oak Ave,New York,NY,75836,Basic,2019-04-11,677
CUST0072,Charles,Anderson,charles.anderson93@email.com,(347) 619-3529,1994-07-02,M,1325 Park Blvd,Los Angeles,CA,44737,Standard,2020-02-15,487
CUST0073,David,Thompson,david.thompson41@email.com,(841) 935-8994,1962-03-16,F,8964 Main St,San Antonio,TX,90931,Corporate,2020-12-25,674
CUST0074,John,Davis,john.davis91@email.com,(302) 654-3725,1975-05-30,M,5006 Main St,Phoenix,AZ,16028,Standard,2016-02-08,804
CUST0075,David,Johnson,david.johnson53@email.com,(779) 898-3950,1987-02-28,F,2885 Oak Ave,Phoenix,AZ,20350,Standard,2017-09-27,751
CUST0076,Lisa,Thomas,lisa.thomas60@email.com,(853) 460-8529,1976-08-09,M,4283 Main St,San Jose,CA,70981,Corporate,2016-08-09,598
CUST0077,Barbara,Lee,barbara.lee82@email.com,(634) 906-5097,1961-08-17,M,7584 Elm Dr,Chicago,IL,36111,Corporate,2021-08-03,633
CUST0078,Richard,Jackson,richard.jackson90@email.com,(502) 222-7484,1976-04-12,M,4597 Main St,Los Angeles,CA,84177,Basic,2021-06-12,631
CUST0079,Nancy,Johnson,nancy.johnson46@email.com,(424) 851-4115,1999-07-25,F,4206 Oak Ave,San Jose,CA,92345,Basic,2017-07-31,790
CUST0080,Patricia,Johnson,patricia.johnson12@email.com,(502) 534-7807,1994-07-19,M,2977 Oak Ave,Phoenix,AZ,27322,Basic,2023-03-19,547
CUST0081,Margaret,Lee,margaret.lee38@email.com,(964) 546-2886,2000-01-07,F,7773 Main St,Philadelphia,PA,28449,Corporate,2017-11-18,726
CUST0082,Matthew,Davis,matthew.davis69@email.com,(326) 665-7038,1987-10-25,M,4395 Cedar Ln,San Antonio,TX,59941,Basic,2015-02-27,615
CUST0083,Christopher,Taylor,christopher.taylor79@email.com,(426) 863-2035,1975-12-23,M,7706 Elm Dr,Los Angeles,CA,95097,Premium,2021-04-18,647
CUST0084,Jessica,Brown,jessica.brown13@email.com,(440) 750-3222,1959-01-25,M,6467 Park Blvd,Chicago,IL,58629,Standard,2020-07-10,539
CUST0085,Nancy,Lee,nancy.lee53@email.com,(486) 233-7070,1968-11-11,M,3659 Park Blvd,San Antonio,TX,68287,Basic,2020-06-27,795
CUST0086,Linda,Taylor,linda.taylor8@email.com,(607) 482-4109,1987-12-15,M,2101 Park Blvd,Los Angeles,CA,22015,Corporate,2022-03-26,663
CUST0087,Nancy,Miller,nancy.miller73@email.com,(410) 270-4394,1956-11-30,M,9707 Oak Ave,San Jose,CA,40539,Basic,2017-09-24,544
CUST0088,David,Jones,david.jones70@email.com,(456) 378-2801,1955-04-03,F,522 Oak Ave,San Jose,CA,11947,Corporate,2016-08-15,546
CUST0089,Susan,Davis,susan.davis95@email.com,(631) 738-2862,1984-01-18,M,1141 Park Blvd,San Jose,CA,68756,Standard,2015-08-03,544
CUST0090,Matthew,Taylor,matthew.taylor94@email.com,(874) 733-5941,1964-10-13,M,7604 Main St,Dallas,TX,17972,Standard,2021-11-24,502
CUST0091,Sarah,Thomas,sarah.thomas11@email.com,(529) 822-3430,1964-09-07,M,1176 Oak Ave,San Antonio,TX,46046,Basic,2019-12-22,517
CUST0092,Lisa,Perez,lisa.perez59@email.com,(717) 819-8048,1984-03-04,M,1724 Main St,Dallas,TX,95814,Student,2020-12-13,630
CUST0093,Christopher,Lee,christopher.lee59@email.com,(608) 625-2557,1993-08-01,M,5220 Park Blvd,Houston,TX,50963,Corporate,2019-08-22,653
CUST0094,Nancy,Wilson,nancy.wilson56@email.com,(298) 962-7105,1968-09-10,M,2231 Cedar Ln,Philadelphia,PA,17861,Premium,2015-12-16,527
CUST0095,Charles,Lee,charles.lee93@email.com,(252) 494-6119,1984-07-28,M,5861 Main St,Dallas,TX,85748,Standard,2022-06-18,696
CUST0096,Thomas,Miller,thomas.miller48@email.com,(317) 980-5564,1998-04-05,F,9506 Oak Ave,Chicago,IL,66244,Corporate,2018-12-05,764
CUST0097,Karen,Thompson,karen.thompson4@email.com,(384) 479-6062,1957-05-10,M,5667 Elm Dr,San Jose,CA,10800,Corporate,2022-10-11,616
CUST0098,Jennifer,Jones,jennifer.jones12@email.com,(964) 743-4524,1990-12-15,M,6263 Park Blvd,San Jose,CA,69460,Premium,2022-02-06,495
CUST0099,David,Garcia,david.garcia11@email.com,(253) 359-3579,1982-12-16,F,915 Main St,Philadelphia,PA,45665,Basic,2021-05-13,785
CUST0100,Joseph,Hernandez,joseph.hernandez15@email.com,(553) 640-2816,1994-08-28,M,4740 Cedar Ln,San Diego,CA,73783,Standard,2023-06-20,742
CUST0101,Thomas,Martinez,thomas.martinez27@email.com,(508) 416-3248,1974-10-13,M,4286 Elm Dr,New York,NY,53007,Student,2015-08-13,483
CUST0102,Patricia,Smith,patricia.smith65@email.com,(772) 884-6802,1993-08-20,F,1280 Park Blvd,San Diego,CA,15544,Premium,2020-12-21,597
CUST0103,Jessica,Smith,jessica.smith91@email.com,(855) 627-5743,1961-12-26,F,1987 Park Blvd,San Diego,CA,12733,Basic,2021-06-06,687
CUST0104,David,Garcia,david.garcia56@email.com,(803) 610-9584,1996-04-11,F,1388 Park Blvd,San Jose,CA,50668,Premium,2016-03-09,604
CUST0105,Betty,Anderson,betty.anderson68@email.com,(722) 398-6724,1984-11-17,F,5852 Oak Ave,Houston,TX,40968,Premium,2022-02-06,538
CUST0106,Patricia,Jones,patricia.jones10@email.com,(381) 991-9095,1972-09-12,F,7701 Cedar Ln,Phoenix,AZ,85952,Basic,2023-07-11,815
CUST0107,Joseph,Perez,joseph.perez57@email.com,(846) 510-5500,1983-12-30,F,9789 Main St,San Jose,CA,56129,Standard,2015-10-07,720
CUST0108,Thomas,Williams,thomas.williams10@email.com,(860) 292-9307,1996-06-04,M,6399 Park Blvd,Phoenix,AZ,86064,Premium,2019-02-19,626
CUST0109,Karen,Johnson,karen.johnson8@email.com,(661) 305-6626,1971-11-21,F,1481 Cedar Ln,San Diego,CA,94689,Basic,2020-08-15,557
CUST0110,Jennifer,Johnson,jennifer.johnson47@email.com,(581) 489-7347,1994-04-10,M,6797 Elm Dr,Houston,TX,98984,Standard,2021-11-02,561
CUST0111,Lisa,Johnson,lisa.johnson37@email.com,(458) 941-3463,1960-11-29,F,5561 Main St,Philadelphia,PA,86380,Premium,2022-08-10,677
CUST0112,Nancy,Jones,nancy.jones40@email.com,(772) 585-6381,1982-10-31,M,2193 Cedar Ln,Philadelphia,PA,22249,Premium,2022-12-13,523
CUST0113,Christopher,Hernandez,christopher.hernandez44@email.com,(984) 697-4145,1987-06-18,M,3811 Oak Ave,Dallas,TX,30308,Standard,2017-01-08,589
CUST0114,John,Martinez,john.martinez85@email.com,(544) 984-3147,2000-07-18,M,9885 Park Blvd,Los Angeles,CA,30218,Corporate,2020-11-26,499
CUST0115,Jennifer,Garcia,jennifer.garcia57@email.com,(825) 491-8355,1969-11-07,M,3933 Cedar Ln,San Jose,CA,41348,Premium,2019-02-01,601
CUST0116,Barbara,Jackson,barbara.jackson49@email.com,(714) 740-7859,1988-01-01,M,2755 Oak Ave,Houston,TX,89254,Student,2020-03-06,624
CUST0117,Robert,Wilson,robert.wilson16@email.com,(491) 285-3626,1998-02-11,F,4569 Park Blvd,New York,NY,77286,Basic,2016-02-25,744
CUST0118,Robert,Hernandez,robert.hernandez7@email.com,(605) 714-7126,1974-12-02,M,3962 Park Blvd,Los Angeles,CA,20696,Corporate,2015-04-20,692
CUST0119,Susan,Davis,susan.davis19@email.com,(340) 239-5700,1983-08-04,M,7840 Oak Ave,New York,NY,71487,Corporate,2022-04-16,651
CUST0120,Joseph,Thompson,joseph.thompson94@email.com,(823) 740-7934,1962-02-09,M,1921 Elm Dr,New York,NY,41147,Standard,2016-09-04,760
CUST0121,Barbara,Brown,barbara.brown9@email.com,(313) 711-9782,1976-05-23,M,369 Cedar Ln,New York,NY,85372,Basic,2021-12-26,714
CUST0122,Linda,Jones,linda.jones54@email.com,(391) 880-2402,1993-07-05,M,8676 Elm Dr,Phoenix,AZ,18870,Basic,2017-09-12,772
CUST0123,Thomas,Lee,thomas.lee82@email.com,(596) 582-5155,2000-07-16,M,366 Elm Dr,Dallas,TX,18855,Premium,2020-04-09,502
CUST0124,Susan,Davis,susan.davis83@email.com,(379) 997-8612,1984-10-30,F,7940 Oak Ave,Los Angeles,CA,27675,Premium,2021-02-14,653
CUST0125,John,Moore,john.moore41@email.com,(517) 727-7524,1981-04-29,F,8997 Park Blvd,New York,NY,43202,Premium,2017-03-28,501
CUST0126,Mary,Miller,mary.miller16@email.com,(576) 647-7553,1987-01-10,M,7304 Park Blvd,Phoenix,AZ,54438,Corporate,2018-09-21,619
CUST0127,Jennifer,Jackson,jennifer.jackson11@email.com,(640) 816-3956,1987-12-16,M,9037 Elm Dr,San Diego,CA,52101,Standard,2015-12-05,697
CUST0128,Patricia,Williams,patricia.williams22@email.com,(906) 654-6759,1981-07-10,F,7425 Main St,Philadelphia,PA,56210,Standard,2023-01-18,698
CUST0129,Lisa,Hernandez,lisa.hernandez66@email.com,(967) 895-3621,1960-02-23,M,610 Oak Ave,Phoenix,AZ,89635,Basic,2019-07-22,666
CUST0130,Nancy,Moore,nancy.moore47@email.com,(592) 780-1530,1966-04-29,M,2613 Park Blvd,New York,NY,58623,Standard,2022-03-27,667
CUST0131,Susan,Moore,susan.moore36@email.com,(455) 316-1424,1967-05-09,M,3148 Park Blvd,Los Angeles,CA,77861,Standard,2018-07-11,812
CUST0132,Richard,Lee,richard.lee37@email.com,(910) 702-4279,1978-06-26,F,2109 Oak Ave,Los Angeles,CA,19706,Basic,2017-05-28,793
CUST0133,Joseph,Garcia,joseph.garcia71@email.com,(755) 497-5914,1962-11-16,F,2680 Oak Ave,San Diego,CA,57381,Basic,2022-12-16,513
CUST0134,Thomas,Davis,thomas.davis47@email.com,(767) 786-7044,1973-01-11,F,7757 Cedar Ln,Los Angeles,CA,27009,Standard,2020-07-16,493
CUST0135,Lisa,Williams,lisa.williams68@email.com,(620) 987-7708,1982-09-30,M,9519 Main St,Los Angeles,CA,26426,Student,2023-01-23,725
CUST0136,David,Williams,david.williams82@email.com,(801) 386-3114,1996-10-16,M,7188 Cedar Ln,San Diego,CA,17263,Standard,2023-10-01,762
CUST0137,Patricia,Martin,patricia.martin45@email.com,(731) 490-2292,1982-04-14,F,4205 Oak Ave,Chicago,IL,93238,Standard,2022-12-15,595
CUST0138,Karen,Wilson,karen.wilson22@email.com,(806) 794-3526,1982-03-02,M,2904 Cedar Ln,Chicago,IL,89316,Standard,2020-08-20,808
CUST0139,David,Perez,david.perez34@email.com,(866) 415-7825,1957-07-18,M,596 Park Blvd,New York,NY,92203,Premium,2022-03-12,775
CUST0140,Karen,Martinez,karen.martinez39@email.com,(664) 274-1981,1998-04-30,F,2689 Park Blvd,Phoenix,AZ,64476,Corporate,2022-09-06,687
CUST0141,Sarah,Moore,sarah.moore94@email.com,(553) 608-3142,1985-07-09,M,6170 Cedar Ln,Houston,TX,83616,Premium,2023-01-21,643
CUST0142,Patricia,Anderson,patricia.anderson13@email.com,(251) 497-7293,1996-11-06,M,6950 Oak Ave,Houston,TX,30932,Standard,2017-10-12,552
CUST0143,David,Perez,david.perez64@email.com,(515) 709-1379,1972-01-12,F,1575 Park Blvd,Philadelphia,PA,76249,Standard,2020-10-09,719
CUST0144,Joseph,Davis,joseph.davis84@email.com,(888) 681-5681,1986-08-29,M,8893 Main St,Houston,TX,24089,Premium,2020-07-20,785
CUST0145,Jessica,Jones,jessica.jones73@email.com,(775) 399-6939,1987-10-25,M,9164 Elm Dr,Phoenix,AZ,19637,Standard,2019-06-29,506
CUST0146,Richard,Martin,richard.martin13@email.com,(603) 582-6555,1980-02-04,M,9239 Elm Dr,San Diego,CA,28909,Basic,2016-05-01,545
CUST0147,Michael,Thompson,michael.thompson92@email.com,(541) 685-9508,1991-01-04,M,7587 Oak Ave,Dallas,TX,89463,Premium,2015-06-09,550
CUST0148,Thomas,Jones,thomas.jones76@email.com,(544) 719-9351,1983-07-30,F,8821 Park Blvd,Philadelphia,PA,83783,Standard,2021-11-30,633
CUST0149,Barbara,Jackson,barbara.jackson40@email.com,(942) 904-1436,1988-01-18,F,9879 Park Blvd,New York,NY,44803,Basic,2019-09-03,778
CUST0150,Christopher,Perez,christopher.perez81@email.com,(938) 834-7229,1975-06-01,M,2521 Oak Ave,San Jose,CA,14138,Basic,2016-11-29,748
CUST0151,Charles,Brown,charles.brown89@email.com,(408) 620-9221,1956-09-12,M,7826 Main St,Houston,TX,28098,Standard,2016-09-12,691
CUST0152,Thomas,Miller,thomas.miller59@email.com,(745) 550-9950,1984-02-29,M,5904 Elm Dr,Dallas,TX,89963,Standard,2018-07-09,568
CUST0153,Sarah,Miller,sarah.miller91@email.com,(412) 906-9011,1980-01-12,M,5294 Park Blvd,Houston,TX,55718,Standard,2018-05-04,627
CUST0154,Karen,Wilson,karen.wilson45@email.com,(991) 349-5758,1965-12-07,M,789 Elm Dr,Phoenix,AZ,20358,Basic,2019-04-05,682
CUST0155,Susan,Moore,susan.moore72@email.com,(912) 478-3249,1997-12-24,F,1889 Cedar Ln,Phoenix,AZ,86917,Standard,2021-01-15,618
CUST0156,Linda,Davis,linda.davis92@email.com,(683) 302-3252,1975-03-31,F,184 Cedar Ln,New York,NY,30701,Premium,2019-08-20,649
CUST0157,Jessica,Jackson,jessica.jackson99@email.com,(291) 867-4804,1972-11-22,F,8867 Main St,San Diego,CA,32946,Standard,2022-03-30,510
CUST0158,Jessica,Garcia,jessica.garcia5@email.com,(209) 505-2758,1990-08-13,M,5589 Elm Dr,New York,NY,69552,Standard,2023-05-26,628
CUST0159,Christopher,Lee,christopher.lee25@email.com,(315) 538-3662,1999-04-24,F,7618 Elm Dr,Dallas,TX,34405,Corporate,2020-04-01,619
CUST0160,James,Anderson,james.anderson55@email.com,(727) 535-2421,1972-04-30,F,6667 Main St,Phoenix,AZ,34219,Basic,2022-03-01,687
CUST0161,Robert,Jackson,robert.jackson97@email.com,(473) 537-5947,1977-04-03,M,9643 Cedar Ln,Philadelphia,PA,11498,Standard,2017-08-22,708
CUST0162,William,Taylor,william.taylor88@email.com,(714) 920-6095,1960-07-28,M,2023 Elm Dr,Houston,TX,58174,Standard,2016-10-16,687
CUST0163,Lisa,Davis,lisa.davis48@email.com,(625) 918-9998,1966-12-25,M,7814 Cedar Ln,Houston,TX,97044,Standard,2023-05-21,790
CUST0164,Michael,Davis,michael.davis10@email.com,(777) 314-2011,1962-05-06,M,9072 Cedar Ln,San Jose,CA,36497,Standard,2022-11-22,665
CUST0165,Charles,Lee,charles.lee88@email.com,(410) 934-9008,1969-10-05,F,1589 Cedar Ln,Chicago,IL,68390,Corporate,2019-12-15,539
CUST0166,Margaret,Johnson,margaret.johnson72@email.com,(673) 888-6049,1966-11-02,M,456 Park Blvd,San Diego,CA,43352,Standard,2021-04-28,509
CUST0167,James,Miller,james.miller70@email.com,(261) 270-8734,1961-07-21,M,619 Elm Dr,San Jose,CA,63591,Standard,2022-11-08,512
CUST0168,Jennifer,Jones,jennifer.jones11@email.com,(899) 877-9835,1988-08-05,M,2278 Elm Dr,San Antonio,TX,25549,Standard,2019-03-27,672
CUST0169,Jennifer,Lee,jennifer.lee39@email.com,(674) 889-9920,1966-06-04,F,7048 Cedar Ln,San Antonio,TX,59712,Corporate,2023-06-25,491
CUST0170,Linda,Davis,linda.davis5@email.com,(876) 629-1256,1986-01-20,F,4043 Oak Ave,San Diego,CA,18819,Standard,2023-02-17,537
CUST0171,Patricia,Thompson,patricia.thompson95@email.com,(245) 611-8191,1995-01-19,M,3939 Cedar Ln,New York,NY,38477,Basic,2015-07-19,605
CUST0172,Matthew,Johnson,matthew.johnson41@email.com,(791) 812-6253,2000-03-16,F,3981 Elm Dr,Chicago,IL,28777,Standard,2023-03-16,774
CUST0173,Nancy,Martin,nancy.martin95@email.com,(379) 841-7999,1992-02-07,F,9207 Park Blvd,Houston,TX,16145,Standard,2021-03-30,782
CUST0174,Susan,Thomas,susan.thomas24@email.com,(972) 750-8758,1983-08-06,M,4048 Oak Ave,Dallas,TX,49418,Standard,2018-05-13,672
CUST0175,Daniel,Jones,daniel.jones68@email.com,(337) 597-4978,1960-03-03,M,4277 Oak Ave,San Diego,CA,53288,Standard,2019-09-03,765
CUST0176,Christopher,Williams,christopher.williams35@email.com,(586) 889-1647,1988-04-16,M,1292 Oak Ave,San Diego,CA,87015,Standard,2017-02-19,506
CUST0177,Betty,Lee,betty.lee2@email.com,(416) 394-2922,1998-01-03,F,7946 Oak Ave,Houston,TX,89220,Corporate,2018-09-25,635
CUST0178,Daniel,Miller,daniel.miller60@email.com,(746) 864-6886,1976-06-21,M,5153 Elm Dr,San Antonio,TX,57139,Standard,2018-03-05,674
CUST0179,Thomas,Jackson,thomas.jackson48@email.com,(520) 623-1749,1963-11-06,M,9316 Oak Ave,San Diego,CA,29126,Basic,2018-08-04,584
CUST0180,James,Wilson,james.wilson49@email.com,(783) 451-9180,1992-06-18,F,9121 Elm Dr,Dallas,TX,43728,Standard,2018-09-13,597
CUST0181,Matthew,Jackson,matthew.jackson18@email.com,(937) 759-9000,1996-05-05,F,3115 Cedar Ln,San Diego,CA,94123,Basic,2018-12-13,566
CUST0182,Mary,Martin,mary.martin81@email.com,(436) 269-3474,1961-09-01,M,249 Oak Ave,New York,NY,76287,Basic,2019-08-17,550
CUST0183,Joseph,Taylor,joseph.taylor53@email.com,(212) 217-9673,1998-05-08,M,4601 Cedar Ln,New York,NY,47576,Premium,2020-12-19,762
CUST0184,James,Martin,james.martin31@email.com,(396) 834-9625,1971-01-31,M,4235 Elm Dr,San Antonio,TX,45038,Corporate,2020-11-17,556
CUST0185,Margaret,Thomas,margaret.thomas39@email.com,(900) 282-1519,1988-06-20,M,1631 Park Blvd,Los Angeles,CA,59710,Standard,2017-09-23,595
CUST0186,Richard,Lee,richard.lee56@email.com,(860) 539-2562,1960-01-13,M,8753 Main St,San Diego,CA,40115,Basic,2015-12-05,735
CUST0187,Michael,Perez,michael.perez70@email.com,(777) 873-1539,1979-04-28,M,3038 Elm Dr,San Diego,CA,12052,Corporate,2022-09-04,623
CUST0188,Michael,Perez,michael.perez73@email.com,(598) 893-9856,1990-09-25,M,5535 Park Blvd,Chicago,IL,28343,Standard,2021-04-28,603
CUST0189,Margaret,Williams,margaret.williams44@email.com,(819) 987-7499,1986-01-11,M,5447 Main St,Dallas,TX,93115,Premium,2017-08-08,518
CUST0190,William,Moore,william.moore24@email.com,(896) 799-7227,1975-06-20,F,1504 Cedar Ln,San Diego,CA,48715,Basic,2019-03-18,701
CUST0191,Margaret,Davis,margaret.davis20@email.com,(957) 598-6188,1962-05-12,F,6009 Main St,Los Angeles,CA,21995,Standard,2022-12-25,804
CUST0192,James,Martinez,james.martinez56@email.com,(659) 770-9395,1987-04-16,F,6785 Main St,San Diego,CA,13442,Premium,2015-12-24,575
CUST0193,John,Taylor,john.taylor2@email.com,(498) 623-7353,1963-05-08,M,1487 Cedar Ln,Dallas,TX,41816,Basic,2018-08-21,677
CUST0194,Charles,Martin,charles.martin64@email.com,(349) 264-3739,1989-02-26,F,7221 Elm Dr,Chicago,IL,65194,Premium,2018-05-18,617
CUST0195,Barbara,Jackson,barbara.jackson64@email.com,(808) 831-4203,1987-05-26,F,7601 Main St,Los Angeles,CA,27758,Corporate,2023-01-31,800
CUST0196,Barbara,Smith,barbara.smith43@email.com,(640) 866-3230,1984-10-21,M,5022 Elm Dr,San Antonio,TX,89064,Standard,2018-09-11,705
CUST0197,Daniel,Miller,daniel.miller95@email.com,(911) 848-9044,1983-03-10,F,9535 Oak Ave,San Diego,CA,52714,Student,2018-07-31,629
CUST0198,Richard,Wilson,richard.wilson70@email.com,(384) 898-1440,1987-09-30,M,7663 Oak Ave,San Antonio,TX,67469,Corporate,2017-03-29,783
CUST0199,Margaret,Martinez,margaret.martinez33@email.com,(874) 357-7932,1991-09-15,M,6276 Main St,Los Angeles,CA,68860,Premium,2018-05-25,603
CUST0200,Lisa,Jackson,lisa.jackson70@email.com,(237) 568-9796,1990-12-16,M,9829 Main St,San Jose,CA,24335,Standard,2022-10-04,694
CUST0201,Matthew,Davis,matthew.davis52@email.com,(970) 539-8052,1969-12-03,M,1835 Main St,Philadelphia,PA,22924,Premium,2022-03-27,811
CUST0202,William,Davis,william.davis89@email.com,(712) 354-6651,1974-10-30,M,502 Park Blvd,Dallas,TX,23703,Standard,2020-03-11,781
CUST0203,Barbara,Hernandez,barbara.hernandez27@email.com,(733) 694-6706,1965-05-31,F,7901 Main St,Los Angeles,CA,67431,Standard,2018-11-06,713
CUST0204,Betty,Moore,betty.moore3@email.com,(551) 863-2791,1961-01-10,F,2792 Oak Ave,Philadelphia,PA,77632,Premium,2022-12-21,538
CUST0205,Jennifer,Lee,jennifer.lee52@email.com,(844) 388-4053,1984-09-10,M,7180 Park Blvd,Chicago,IL,13826,Standard,2020-03-07,598
CUST0206,Betty,Thompson,betty.thompson27@email.com,(485) 970-2025,1995-05-02,M,9559 Main St,Houston,TX,80371,Standard,2015-01-19,589
CUST0207,Jennifer,Taylor,jennifer.taylor68@email.com,(854) 520-7367,1972-09-05,M,6531 Cedar Ln,Philadelphia,PA,24972,Premium,2022-07-10,730
CUST0208,Susan,Taylor,susan.taylor87@email.com,(337) 520-2931,1970-06-24,F,4008 Elm Dr,San Diego,CA,25328,Corporate,2021-08-14,523
CUST0209,Jennifer,Taylor,jennifer.taylor50@email.com,(633) 390-8973,2000-10-29,M,8904 Oak Ave,Chicago,IL,82733,Standard,2016-07-18,774
CUST0210,Jennifer,Jackson,jennifer.jackson7@email.com,(567) 209-8939,1967-08-03,F,2336 Oak Ave,Phoenix,AZ,60324,Standard,2020-01-22,797
CUST0211,Karen,Martin,karen.martin22@email.com,(284) 778-1505,1991-09-15,M,3713 Elm Dr,San Diego,CA,14285,Standard,2019-12-24,730
CUST0212,William,Davis,william.davis71@email.com,(723) 315-2871,1980-11-24,F,4489 Cedar Ln,Dallas,TX,58085,Basic,2021-05-05,733
CUST0213,Karen,Johnson,karen.johnson39@email.com,(233) 660-5305,1974-08-10,M,5811 Main St,San Diego,CA,67549,Premium,2022-05-01,606
CUST0214,Patricia,Davis,patricia.davis18@email.com,(411) 411-1972,1986-06-16,M,9440 Elm Dr,Houston,TX,79767,Basic,2016-11-10,795
CUST0215,William,Thompson,william.thompson74@email.com,(473) 726-2560,1970-02-08,F,2321 Park Blvd,Dallas,TX,17770,Student,2018-04-13,628
CUST0216,William,Jones,william.jones63@email.com,(345) 791-5402,1977-05-26,F,6886 Park Blvd,Chicago,IL,69243,Basic,2017-10-10,681
CUST0217,John,Williams,john.williams75@email.com,(202) 992-2526,1979-12-17,F,7611 Elm Dr,San Antonio,TX,18300,Standard,2020-06-22,647
CUST0218,Margaret,Lee,margaret.lee42@email.com,(490) 545-9967,1974-07-17,M,9568 Oak Ave,San Antonio,TX,84205,Corporate,2020-07-19,617
CUST0219,Sarah,Anderson,sarah.anderson16@email.com,(361) 651-8479,1959-02-14,M,111 Park Blvd,New York,NY,36518,Basic,2020-02-26,488
CUST0220,Daniel,Jones,daniel.jones11@email.com,(580) 880-3711,1969-04-06,F,948 Park Blvd,Phoenix,AZ,91999,Premium,2019-01-16,608
CUST0221,Barbara,Davis,barbara.davis17@email.com,(807) 431-9510,1963-03-08,M,7391 Main St,San Antonio,TX,11056,Premium,2020-05-07,519
CUST0222,Daniel,Anderson,daniel.anderson12@email.com,(948) 304-2690,1992-11-20,F,5233 Elm Dr,Los Angeles,CA,49223,Standard,2017-07-26,676
CUST0223,Robert,Thomas,robert.thomas84@email.com,(368) 650-6753,1967-10-26,M,3590 Oak Ave,Chicago,IL,63963,Standard,2015-02-04,792
CUST0224,Lisa,Moore,lisa.moore94@email.com,(593) 559-8035,1962-10-11,M,5252 Oak Ave,Houston,TX,42477,Premium,2016-05-19,781
CUST0225,William,Williams,william.williams27@email.com,(730) 821-9348,1980-07-24,M,3190 Park Blvd,Houston,TX,48737,Corporate,2022-05-20,634
CUST0226,Christopher,Johnson,christopher.johnson77@email.com,(272) 740-1197,1999-05-26,M,6016 Elm Dr,Houston,TX,27299,Premium,2020-08-08,806
CUST0227,Richard,Perez,richard.perez99@email.com,(274) 217-2106,1987-10-13,M,325 Elm Dr,San Antonio,TX,38277,Basic,2023-07-22,721
CUST0228,Mary,Johnson,mary.johnson55@email.com,(918) 611-2350,2000-06-13,F,8891 Cedar Ln,San Antonio,TX,90746,Basic,2020-08-14,692
CUST0229,Robert,Wilson,robert.wilson69@email.com,(534) 600-2083,1982-10-21,M,5181 Park Blvd,Los Angeles,CA,41278,Standard,2017-04-12,559
CUST0230,Mary,Davis,mary.davis40@email.com,(882) 959-3877,1993-12-24,M,2056 Main St,Los Angeles,CA,27984,Standard,2021-10-29,508
CUST0231,Daniel,Smith,daniel.smith22@email.com,(580) 329-5403,1999-07-15,F,2034 Main St,Chicago,IL,53910,Standard,2023-10-13,612
CUST0232,Margaret,Hernandez,margaret.hernandez10@email.com,(708) 666-9368,1960-09-23,F,6000 Main St,Phoenix,AZ,75484,Basic,2021-06-19,801
CUST0233,Charles,Garcia,charles.garcia30@email.com,(958) 721-1042,1969-02-10,F,821 Main St,Philadelphia,PA,42053,Basic,2021-06-08,539
CUST0234,Mary,Jackson,mary.jackson92@email.com,(958) 871-7870,1989-05-11,F,3778 Elm Dr,Philadelphia,PA,42540,Standard,2015-05-25,763
CUST0235,Jessica,Anderson,jessica.anderson23@email.com,(428) 728-1752,1961-12-27,M,6668 Main St,Phoenix,AZ,70960,Standard,2020-08-18,506
CUST0236,Barbara,Martinez,barbara.martinez38@email.com,(777) 511-4974,1962-10-01,M,7700 Elm Dr,Philadelphia,PA,87554,Standard,2019-02-20,582
CUST0237,Sarah,Miller,sarah.miller30@email.com,(754) 554-1157,1976-12-28,F,5588 Main St,Dallas,TX,96154,Premium,2019-08-07,492
CUST0238,Richard,Martinez,richard.martinez8@email.com,(345) 928-5584,1973-05-29,M,1624 Main St,Los Angeles,CA,40339,Student,2019-09-16,731
CUST0239,Thomas,Hernandez,thomas.hernandez82@email.com,(603) 276-2020,1996-02-17,M,7226 Oak Ave,Philadelphia,PA,41034,Basic,2020-09-01,548
CUST0240,Barbara,Wilson,barbara.wilson10@email.com,(407) 339-2785,1990-04-03,F,2646 Main St,Philadelphia,PA,31544,Standard,2018-01-18,599
CUST0241,Joseph,Moore,joseph.moore58@email.com,(515) 674-5341,1991-06-21,M,2064 Main St,Philadelphia,PA,30658,Standard,2023-08-22,586
CUST0242,Margaret,Martinez,margaret.martinez12@email.com,(928) 454-6828,1958-08-14,F,6592 Cedar Ln,San Jose,CA,16416,Corporate,2018-09-04,555
CUST0243,Nancy,Martinez,nancy.martinez96@email.com,(763) 455-2551,1970-08-07,M,7670 Main St,Phoenix,AZ,28322,Student,2020-01-27,764
CUST0244,Patricia,Smith,patricia.smith88@email.com,(845) 860-2376,1974-12-10,F,9640 Cedar Ln,New York,NY,43924,Standard,2019-06-29,670
CUST0245,John,Smith,john.smith16@email.com,(243) 672-1829,1972-09-27,M,2852 Cedar Ln,Los Angeles,CA,66774,Corporate,2016-01-12,649
CUST0246,Betty,Thomas,betty.thomas28@email.com,(391) 481-5585,1957-08-24,M,7407 Oak Ave,San Diego,CA,14541,Basic,2016-12-08,661
CUST0247,Lisa,Thompson,lisa.thompson8@email.com,(289) 486-7275,1977-01-18,F,2348 Park Blvd,San Jose,CA,36143,Standard,2021-03-05,725
CUST0248,Christopher,Martin,christopher.martin70@email.com,(696) 552-9231,1956-10-01,M,5369 Park Blvd,Houston,TX,45446,Basic,2019-01-10,725
CUST0249,Jennifer,Smith,jennifer.smith8@email.com,(683) 742-6856,1974-08-25,M,9668 Oak Ave,Philadelphia,PA,30922,Corporate,2023-09-24,623
CUST0250,Patricia,Davis,patricia.davis98@email.com,(424) 789-7363,1978-11-29,M,5913 Oak Ave,Houston,TX,33081,Corporate,2023-04-07,508
CUST0251,Linda,Perez,linda.perez73@email.com,(777) 345-4084,1987-03-10,M,8164 Cedar Ln,Philadelphia,PA,50508,Premium,2022-11-09,660
CUST0252,Jennifer,Jackson,jennifer.jackson68@email.com,(689) 200-6435,1963-02-05,M,3400 Oak Ave,New York,NY,54663,Standard,2017-06-15,490
CUST0253,Daniel,Garcia,daniel.garcia15@email.com,(738) 573-2188,1960-05-05,M,6220 Park Blvd,Philadelphia,PA,86810,Premium,2022-11-26,552
CUST0254,Patricia,Anderson,patricia.anderson82@email.com,(698) 864-6198,1983-12-11,F,2954 Cedar Ln,Phoenix,AZ,90440,Student,2023-03-19,703
CUST0255,Margaret,Taylor,margaret.taylor17@email.com,(381) 946-1029,1970-09-24,M,9485 Park Blvd,Houston,TX,84381,Standard,2022-09-21,630
CUST0256,Mary,Garcia,mary.garcia64@email.com,(344) 539-2274,1983-07-20,M,3999 Elm Dr,San Jose,CA,51879,Standard,2021-05-05,533
CUST0257,Jennifer,Williams,jennifer.williams45@email.com,(462) 310-1020,1995-01-26,M,888 Park Blvd,Philadelphia,PA,67438,Standard,2017-10-19,514
CUST0258,Betty,Hernandez,betty.hernandez49@email.com,(303) 690-4695,1992-02-22,M,2764 Park Blvd,Chicago,IL,19661,Corporate,2018-12-09,759
CUST0259,Margaret,Johnson,margaret.johnson44@email.com,(374) 584-3636,1956-10-19,F,1328 Cedar Ln,Phoenix,AZ,22203,Standard,2016-03-04,517
CUST0260,David,Thompson,david.thompson78@email.com,(644) 360-1877,1998-04-23,M,1759 Elm Dr,San Jose,CA,36941,Standard,2022-05-01,564
CUST0261,Michael,Hernandez,michael.hernandez51@email.com,(785) 762-9043,1978-10-19,F,2616 Main St,Dallas,TX,57294,Standard,2016-01-28,505
CUST0262,James,Hernandez,james.hernandez27@email.com,(374) 853-5781,1981-06-04,M,1442 Park Blvd,Los Angeles,CA,25139,Standard,2016-02-02,493
CUST0263,Barbara,Thomas,barbara.thomas24@email.com,(579) 590-7052,1998-11-17,F,3156 Park Blvd,San Diego,CA,15848,Premium,2021-02-06,678
CUST0264,William,Moore,william.moore20@email.com,(970) 913-2584,1978-08-19,F,1504 Elm Dr,San Diego,CA,80968,Corporate,2021-04-30,511
CUST0265,Jessica,Perez,jessica.perez88@email.com,(686) 786-4860,1960-06-21,M,7903 Elm Dr,Houston,TX,20348,Corporate,2019-09-11,754
CUST0266,Richard,Johnson,richard.johnson22@email.com,(416) 397-3067,1968-03-24,M,799 Park Blvd,Dallas,TX,20271,Corporate,2020-01-14,568
CUST0267,Nancy,Hernandez,nancy.hernandez12@email.com,(597) 769-7510,1968-04-07,M,9144 Elm Dr,Houston,TX,46202,Standard,2023-02-26,514
CUST0268,Thomas,Moore,thomas.moore76@email.com,(796) 976-2641,1992-08-23,M,1830 Cedar Ln,New York,NY,23237,Standard,2016-08-30,770
CUST0269,Margaret,Martinez,margaret.martinez74@email.com,(823) 684-1613,1985-11-06,M,2921 Elm Dr,Dallas,TX,62818,Standard,2022-05-06,728
CUST0270,Robert,Thompson,robert.thompson7@email.com,(963) 686-5400,1991-01-15,M,6202 Main St,San Jose,CA,54284,Standard,2018-09-19,601
CUST0271,Margaret,Martinez,margaret.martinez30@email.com,(337) 507-8259,1980-02-25,M,5357 Elm Dr,Phoenix,AZ,64627,Corporate,2022-09-06,530
CUST0272,Lisa,Williams,lisa.williams98@email.com,(728) 582-1920,1994-08-18,F,8542 Oak Ave,Houston,TX,18600,Corporate,2019-07-26,728
CUST0273,Barbara,Martin,barbara.martin25@email.com,(405) 259-5087,1967-03-03,M,641 Park Blvd,San Antonio,TX,16626,Corporate,2015-04-29,568
CUST0274,Susan,Miller,susan.miller88@email.com,(231) 447-7102,1988-01-18,M,8108 Cedar Ln,Phoenix,AZ,68471,Standard,2022-02-15,543
CUST0275,Jennifer,Jackson,jennifer.jackson37@email.com,(228) 595-1813,1986-05-18,F,2769 Cedar Ln,San Jose,CA,38091,Standard,2017-11-25,526
CUST0276,Linda,Davis,linda.davis61@email.com,(335) 862-3837,1979-02-21,M,9949 Main St,Houston,TX,39329,Standard,2023-10-02,484
CUST0277,William,Thompson,william.thompson33@email.com,(423) 677-5950,1979-09-15,M,8630 Cedar Ln,Phoenix,AZ,62055,Corporate,2018-11-29,715
CUST0278,Charles,Brown,charles.brown37@email.com,(505) 900-2771,2000-11-21,F,7992 Main St,New York,NY,54077,Basic,2021-08-29,791
CUST0279,William,Anderson,william.anderson8@email.com,(814) 613-6236,1978-06-06,F,2392 Main St,Phoenix,AZ,95904,Standard,2020-10-19,603
CUST0280,Sarah,Martinez,sarah.martinez91@email.com,(785) 394-6622,1992-07-20,M,3743 Cedar Ln,Phoenix,AZ,93665,Standard,2015-05-25,778
CUST0281,Margaret,Jackson,margaret.jackson24@email.com,(500) 299-8713,2000-07-06,F,2196 Elm Dr,Philadelphia,PA,83273,Corporate,2022-05-17,765
CUST0282,Matthew,Garcia,matthew.garcia54@email.com,(539) 580-5269,1963-01-05,F,9693 Elm Dr,Philadelphia,PA,70786,Standard,2023-05-07,637
CUST0283,Patricia,Jackson,patricia.jackson88@email.com,(590) 742-5888,1961-05-22,M,6868 Main St,New York,NY,29762,Corporate,2020-08-11,541
CUST0284,Robert,Miller,robert.miller41@email.com,(932) 384-2324,1991-09-17,M,8088 Elm Dr,Philadelphia,PA,92710,Corporate,2020-02-18,553
CUST0285,Jennifer,Anderson,jennifer.anderson74@email.com,(982) 362-9021,1955-06-04,M,1542 Oak Ave,New York,NY,90541,Standard,2023-07-15,566
CUST0286,Jessica,Hernandez,jessica.hernandez26@email.com,(948) 582-1230,1993-06-28,M,5379 Cedar Ln,San Antonio,TX,34979,Standard,2015-06-04,753
CUST0287,James,Smith,james.smith65@email.com,(802) 513-3736,1975-04-20,F,1169 Main St,Houston,TX,49085,Standard,2016-02-25,676
CUST0288,Barbara,Moore,barbara.moore63@email.com,(567) 968-4087,1985-04-23,M,2801 Park Blvd,Dallas,TX,12506,Corporate,2016-07-02,655
CUST0289,Linda,Davis,linda.davis47@email.com,(928) 866-1612,1973-12-12,M,6247 Elm Dr,Chicago,IL,80088,Basic,2016-11-23,543
CUST0290,Lisa,Johnson,lisa.johnson89@email.com,(318) 626-8279,1959-04-21,M,6330 Main St,San Jose,CA,81733,Basic,2015-03-22,504
CUST0291,William,Jackson,william.jackson85@email.com,(732) 476-3247,1973-06-08,M,6962 Main St,Chicago,IL,77054,Standard,2022-06-03,531
CUST0292,Betty,Thompson,betty.thompson78@email.com,(404) 996-5308,1980-05-12,M,8671 Oak Ave,Los Angeles,CA,56913,Basic,2020-07-31,581
CUST0293,Daniel,Hernandez,daniel.hernandez43@email.com,(440) 202-1208,1969-05-22,M,1558 Main St,Phoenix,AZ,85255,Standard,2017-04-30,726
CUST0294,Nancy,Jackson,nancy.jackson33@email.com,(859) 436-8483,1963-01-30,M,4950 Elm Dr,Chicago,IL,70853,Premium,2023-02-11,531
CUST0295,Mary,Brown,mary.brown55@email.com,(956) 318-2556,1958-07-16,F,851 Main St,Chicago,IL,28139,Standard,2022-08-04,640
CUST0296,Nancy,Garcia,nancy.garcia48@email.com,(550) 387-2865,1987-01-28,M,6666 Park Blvd,Philadelphia,PA,69839,Student,2018-01-03,527
CUST0297,William,Thomas,william.thomas21@email.com,(306) 626-8908,1992-11-01,F,9421 Park Blvd,San Diego,CA,33758,Premium,2022-10-22,510
CUST0298,Lisa,Thomas,lisa.thomas53@email.com,(651) 247-2037,1957-08-02,F,4386 Elm Dr,Philadelphia,PA,11620,Standard,2020-06-22,537
CUST0299,Daniel,Martin,daniel.martin13@email.com,(643) 877-5072,1975-02-04,F,7995 Elm Dr,San Jose,CA,96993,Standard,2022-09-20,796
CUST0300,Nancy,Thomas,nancy.thomas61@email.com,(707) 369-2226,1959-11-24,M,8155 Elm Dr,Chicago,IL,41574,Basic,2016-10-04,738
CUST0301,David,Wilson,david.wilson31@email.com,(280) 670-8277,2000-06-24,F,9488 Park Blvd,New York,NY,21536,Basic,2019-03-31,686
CUST0302,Sarah,Moore,sarah.moore52@email.com,(622) 236-9996,1965-08-25,M,102 Main St,Philadelphia,PA,89194,Basic,2015-03-14,532
CUST0303,Lisa,Martinez,lisa.martinez29@email.com,(665) 539-8751,1973-07-23,M,6052 Park Blvd,Dallas,TX,24945,Student,2019-01-28,507
CUST0304,Patricia,Davis,patricia.davis71@email.com,(734) 582-2741,1985-08-16,F,850 Oak Ave,New York,NY,74542,Corporate,2023-12-21,629
CUST0305,Robert,Hernandez,robert.hernandez28@email.com,(668) 395-6536,1977-10-24,M,1865 Park Blvd,Los Angeles,CA,16094,Standard,2016-05-09,681
CUST0306,Christopher,Perez,christopher.perez64@email.com,(204) 743-1795,1995-06-02,M,9164 Park Blvd,Los Angeles,CA,86692,Basic,2020-08-27,548
CUST0307,Sarah,Martin,sarah.martin78@email.com,(529) 716-7302,1970-07-31,F,6959 Cedar Ln,Chicago,IL,42537,Premium,2022-05-17,787
CUST0308,William,Thomas,william.thomas78@email.com,(916) 966-9393,1981-05-23,M,4997 Cedar Ln,Philadelphia,PA,51144,Corporate,2016-07-19,691
CUST0309,Daniel,Lee,daniel.lee87@email.com,(335) 927-3913,1973-01-08,F,8355 Cedar Ln,Houston,TX,93476,Basic,2018-04-05,656
CUST0310,David,Brown,david.brown87@email.com,(965) 746-5684,1998-02-04,M,7020 Main St,Philadelphia,PA,78515,Basic,2022-06-25,693
CUST0311,Patricia,Smith,patricia.smith97@email.com,(364) 493-5105,1968-01-15,M,2499 Main St,San Antonio,TX,48684,Basic,2017-03-29,616
CUST0312,Michael,Lee,michael.lee29@email.com,(960) 862-7371,1987-03-07,M,3992 Cedar Ln,New York,NY,47701,Premium,2022-07-29,767
CUST0313,Daniel,Johnson,daniel.johnson71@email.com,(255) 213-5117,1989-10-08,M,3427 Cedar Ln,San Antonio,TX,68073,Student,2022-09-07,640
CUST0314,Linda,Taylor,linda.taylor24@email.com,(377) 952-9418,1972-08-16,F,2055 Park Blvd,San Jose,CA,15326,Standard,2016-12-27,518
CUST0315,Jessica,Wilson,jessica.wilson43@email.com,(677) 926-3536,1978-09-15,F,754 Oak Ave,Dallas,TX,52287,Standard,2017-11-10,482
CUST0316,Lisa,Johnson,lisa.johnson10@email.com,(924) 525-9608,1982-01-07,M,3703 Oak Ave,San Jose,CA,78236,Basic,2021-03-03,663
CUST0317,John,Martin,john.martin29@email.com,(418) 879-6437,1992-04-25,M,5524 Elm Dr,Chicago,IL,48479,Standard,2016-01-12,658
CUST0318,Michael,Thompson,michael.thompson15@email.com,(884) 554-8301,1997-08-08,M,4037 Cedar Ln,Dallas,TX,91412,Corporate,2022-04-13,484
CUST0319,Linda,Johnson,linda.johnson4@email.com,(729) 988-7143,1989-03-19,M,8526 Cedar Ln,Philadelphia,PA,68400,Standard,2021-01-21,624
CUST0320,Sarah,Johnson,sarah.johnson99@email.com,(750) 746-1120,1972-04-09,F,1172 Oak Ave,Phoenix,AZ,97862,Standard,2016-01-29,565
CUST0321,Christopher,Miller,christopher.miller83@email.com,(273) 964-3519,1964-04-28,F,489 Park Blvd,San Antonio,TX,53478,Standard,2022-11-18,702
CUST0322,Mary,Williams,mary.williams74@email.com,(433) 464-7678,1959-11-14,F,6457 Park Blvd,Los Angeles,CA,92603,Basic,2021-04-04,516
CUST0323,Richard,Hernandez,richard.hernandez83@email.com,(937) 833-2036,1956-07-07,M,9694 Main St,Philadelphia,PA,19514,Basic,2020-12-30,483
CUST0324,Susan,Martin,susan.martin49@email.com,(604) 876-1504,1981-01-01,F,7865 Oak Ave,Los Angeles,CA,79922,Basic,2018-02-27,704
CUST0325,Linda,Jones,linda.jones48@email.com,(211) 766-3316,1981-06-18,F,2119 Main St,San Antonio,TX,10659,Standard,2023-12-01,811
CUST0326,Charles,Thompson,charles.thompson28@email.com,(622) 861-9397,1962-08-21,F,2433 Oak Ave,San Antonio,TX,34116,Standard,2023-04-25,656
CUST0327,Linda,Thompson,linda.thompson7@email.com,(969) 762-8557,1972-06-07,M,9105 Main St,Phoenix,AZ,48096,Standard,2023-12-20,770
CUST0328,Nancy,Williams,nancy.williams46@email.com,(331) 887-4842,1963-10-23,F,1739 Elm Dr,Phoenix,AZ,91201,Basic,2020-06-18,649
CUST0329,John,Miller,john.miller89@email.com,(798) 356-6971,1998-08-03,M,5282 Park Blvd,Philadelphia,PA,32103,Standard,2022-05-24,636
CUST0330,James,Anderson,james.anderson87@email.com,(950) 539-8863,1974-11-15,M,7683 Park Blvd,Houston,TX,57020,Standard,2019-01-12,548
CUST0331,Matthew,Martinez,matthew.martinez18@email.com,(751) 401-5312,1964-10-06,F,1352 Main St,San Diego,CA,12441,Basic,2015-12-02,623
CUST0332,Thomas,Smith,thomas.smith34@email.com,(756) 752-8734,1991-05-07,M,2535 Elm Dr,San Jose,CA,61445,Standard,2015-05-31,762
CUST0333,Linda,Perez,linda.perez47@email.com,(714) 210-4913,1967-01-05,M,2817 Cedar Ln,Phoenix,AZ,28398,Standard,2016-01-06,683
CUST0334,Joseph,Garcia,joseph.garcia98@email.com,(699) 437-2029,1968-02-12,M,4431 Elm Dr,Chicago,IL,40673,Corporate,2015-06-15,592
CUST0335,Mary,Miller,mary.miller6@email.com,(864) 531-2691,1987-05-30,M,8642 Elm Dr,Dallas,TX,44513,Standard,2020-02-06,503
CUST0336,Charles,Lee,charles.lee84@email.com,(279) 729-5121,1970-08-06,M,6265 Oak Ave,San Jose,CA,77681,Basic,2019-02-05,780
CUST0337,Richard,Taylor,richard.taylor18@email.com,(650) 369-4768,1998-09-05,M,1363 Cedar Ln,Philadelphia,PA,94341,Corporate,2015-01-28,736
CUST0338,William,Miller,william.miller85@email.com,(435) 624-6410,1971-10-08,F,1956 Park Blvd,Chicago,IL,98503,Standard,2023-01-17,540
CUST0339,Sarah,Jackson,sarah.jackson74@email.com,(806) 364-3207,1969-06-19,M,8499 Main St,Houston,TX,85008,Premium,2015-06-26,545
CUST0340,Robert,Johnson,robert.johnson73@email.com,(852) 219-5644,1978-03-03,F,1504 Oak Ave,Chicago,IL,68877,Standard,2019-07-19,786
CUST0341,Lisa,Jackson,lisa.jackson75@email.com,(985) 386-9369,1970-04-21,F,4433 Oak Ave,San Diego,CA,99861,Corporate,2021-09-27,553
CUST0342,David,Moore,david.moore3@email.com,(407) 735-9263,1961-03-05,F,6977 Oak Ave,San Jose,CA,89365,Standard,2016-06-25,535
CUST0343,Patricia,Garcia,patricia.garcia62@email.com,(875) 333-9835,1958-07-03,M,119 Park Blvd,San Diego,CA,78425,Standard,2016-04-26,527
CUST0344,Jessica,Taylor,jessica.taylor45@email.com,(803) 959-2600,1993-06-26,F,7071 Oak Ave,New York,NY,43360,Corporate,2020-05-28,675
CUST0345,Sarah,Davis,sarah.davis25@email.com,(205) 926-1116,1980-05-31,M,9569 Cedar Ln,Los Angeles,CA,25444,Corporate,2019-08-01,611
CUST0346,Thomas,Smith,thomas.smith55@email.com,(867) 799-5155,1973-06-06,F,4381 Cedar Ln,San Antonio,TX,65517,Standard,2016-03-12,559
CUST0347,Charles,Taylor,charles.taylor72@email.com,(694) 383-7065,1979-09-21,M,9260 Cedar Ln,San Jose,CA,73407,Basic,2019-08-20,762
CUST0348,William,Martinez,william.martinez96@email.com,(435) 657-3650,1985-11-22,M,1742 Oak Ave,San Jose,CA,76629,Basic,2022-05-24,540
CUST0349,Richard,Anderson,richard.anderson12@email.com,(348) 682-8133,1959-09-02,F,1544 Main St,Dallas,TX,44483,Standard,2022-02-17,482
CUST0350,Linda,Taylor,linda.taylor84@email.com,(733) 493-1941,1958-05-22,M,2971 Park Blvd,Los Angeles,CA,67536,Corporate,2019-06-30,794
CUST0351,James,Miller,james.miller67@email.com,(915) 437-3776,1980-08-28,F,690 Elm Dr,Dallas,TX,41359,Premium,2021-09-21,741
CUST0352,Christopher,Smith,christopher.smith52@email.com,(800) 405-9482,1962-10-16,F,351 Main St,Chicago,IL,21818,Basic,2018-12-17,682
CUST0353,Karen,Martinez,karen.martinez78@email.com,(399) 665-7618,1986-03-25,F,9519 Main St,Dallas,TX,44223,Student,2018-02-06,595
CUST0354,Jennifer,Hernandez,jennifer.hernandez15@email.com,(725) 463-9813,1964-07-20,M,9519 Elm Dr,Dallas,TX,68034,Premium,2018-04-20,654
CUST0355,Richard,Perez,richard.perez76@email.com,(228) 693-2904,1976-10-28,F,4324 Main St,San Diego,CA,60157,Student,2020-02-23,715
CUST0356,Christopher,Davis,christopher.davis2@email.com,(917) 469-5067,1983-04-29,M,4806 Main St,Houston,TX,62288,Student,2020-10-16,754
CUST0357,Nancy,Anderson,nancy.anderson35@email.com,(387) 964-4115,1971-01-05,M,8275 Oak Ave,Los Angeles,CA,40783,Standard,2017-06-14,773
CUST0358,Betty,Davis,betty.davis46@email.com,(359) 997-2747,1973-07-20,F,2064 Main St,Phoenix,AZ,98580,Standard,2017-10-19,796
CUST0359,Nancy,Jackson,nancy.jackson80@email.com,(522) 704-5501,1955-08-06,M,8141 Oak Ave,San Jose,CA,76995,Student,2020-05-29,670
CUST0360,William,Thomas,william.thomas70@email.com,(233) 714-6689,1966-07-04,M,6550 Oak Ave,Houston,TX,69925,Standard,2019-09-30,724
CUST0361,Patricia,Martin,patricia.martin75@email.com,(303) 533-6924,1983-04-27,M,4354 Oak Ave,San Diego,CA,81901,Premium,2017-05-13,674
CUST0362,William,Davis,william.davis55@email.com,(415) 629-7099,1997-04-15,M,6081 Park Blvd,Phoenix,AZ,46651,Standard,2017-01-23,735
CUST0363,Joseph,Garcia,joseph.garcia31@email.com,(768) 642-7240,1966-10-07,M,3312 Oak Ave,San Jose,CA,29601,Basic,2016-02-14,618
CUST0364,Sarah,Smith,sarah.smith69@email.com,(937) 523-8972,1992-10-25,M,5015 Elm Dr,Chicago,IL,83680,Premium,2022-01-27,744
CUST0365,Charles,Johnson,charles.johnson81@email.com,(298) 660-6483,1963-11-18,F,4356 Elm Dr,San Antonio,TX,57226,Premium,2017-11-07,723
CUST0366,Karen,Lee,karen.lee26@email.com,(790) 789-9821,1985-11-15,M,2959 Elm Dr,Phoenix,AZ,56544,Standard,2018-12-09,790
CUST0367,David,Martin,david.martin81@email.com,(348) 371-6527,1995-02-05,M,7011 Cedar Ln,San Diego,CA,84925,Standard,2018-03-19,717
CUST0368,Richard,Williams,richard.williams38@email.com,(927) 473-7479,1969-07-14,F,4544 Park Blvd,Los Angeles,CA,57600,Standard,2018-07-21,814
CUST0369,Betty,Perez,betty.perez94@email.com,(440) 877-5122,1995-05-26,M,1411 Oak Ave,Dallas,TX,31877,Standard,2015-04-05,544
CUST0370,Richard,Brown,richard.brown68@email.com,(983) 285-2702,1960-09-21,M,4400 Cedar Ln,Los Angeles,CA,30352,Standard,2015-04-18,683
CUST0371,John,Thomas,john.thomas17@email.com,(334) 739-3795,1975-07-30,F,568 Main St,Phoenix,AZ,96972,Basic,2019-12-21,800
CUST0372,Susan,Anderson,susan.anderson18@email.com,(914) 752-3900,1996-11-29,M,9780 Cedar Ln,San Diego,CA,69840,Corporate,2021-02-24,707
CUST0373,Christopher,Perez,christopher.perez57@email.com,(515) 574-7753,1982-10-12,F,4356 Oak Ave,San Antonio,TX,49789,Standard,2017-07-19,525
CUST0374,James,Smith,james.smith89@email.com,(703) 973-8816,1967-03-25,F,5008 Main St,Dallas,TX,66418,Standard,2020-12-31,484
CUST0375,Margaret,Martinez,margaret.martinez72@email.com,(647) 604-5094,1975-09-29,M,2775 Park Blvd,San Jose,CA,59592,Standard,2017-02-11,690
CUST0376,Linda,Wilson,linda.wilson89@email.com,(901) 478-5664,1992-11-17,F,8815 Elm Dr,Los Angeles,CA,64120,Standard,2023-12-21,793
CUST0377,Michael,Williams,michael.williams58@email.com,(478) 917-9060,1967-04-04,F,3176 Elm Dr,Chicago,IL,12542,Premium,2020-02-09,796
CUST0378,Robert,Johnson,robert.johnson17@email.com,(932) 648-1134,1956-12-26,F,3914 Main St,Dallas,TX,29750,Student,2018-03-01,617
CUST0379,James,Jackson,james.jackson48@email.com,(674) 913-1519,1985-09-03,M,5510 Main St,Houston,TX,29148,Standard,2023-12-19,735
CUST0380,Mary,Wilson,mary.wilson49@email.com,(212) 324-5078,1961-05-28,M,6404 Park Blvd,San Antonio,TX,42396,Standard,2017-02-26,608
CUST0381,Betty,Johnson,betty.johnson50@email.com,(897) 519-6293,1996-05-05,M,2698 Main St,Houston,TX,82034,Standard,2017-05-03,722
CUST0382,Thomas,Brown,thomas.brown15@email.com,(441) 848-8113,1998-03-04,F,5416 Main St,Phoenix,AZ,31936,Standard,2015-08-02,591
CUST0383,Margaret,Wilson,margaret.wilson75@email.com,(907) 686-3539,1965-09-25,M,6184 Main St,San Jose,CA,42600,Basic,2015-02-06,501
CUST0384,Jennifer,Jackson,jennifer.jackson90@email.com,(749) 309-3061,1985-05-12,M,8092 Oak Ave,Los Angeles,CA,51515,Premium,2022-03-25,558
CUST0385,Karen,Taylor,karen.taylor33@email.com,(240) 696-8168,1972-04-24,M,9259 Elm Dr,San Diego,CA,81137,Basic,2019-01-07,548
CUST0386,Daniel,Jackson,daniel.jackson36@email.com,(813) 767-3627,1971-09-29,M,1228 Cedar Ln,Houston,TX,30319,Standard,2023-03-19,719
CUST0387,Joseph,Martinez,joseph.martinez49@email.com,(951) 389-1306,1987-12-08,M,6065 Cedar Ln,Phoenix,AZ,41298,Premium,2022-02-26,739
CUST0388,David,Williams,david.williams20@email.com,(827) 489-6285,1989-10-06,F,6814 Elm Dr,Dallas,TX,24478,Standard,2020-07-30,762
CUST0389,Patricia,Martin,patricia.martin14@email.com,(697) 396-2617,1958-12-05,F,621 Cedar Ln,Los Angeles,CA,94115,Standard,2015-05-09,583
CUST0390,Richard,Jackson,richard.jackson2@email.com,(413) 871-9051,1977-12-17,M,1410 Park Blvd,Dallas,TX,93744,Standard,2021-10-17,516
CUST0391,Mary,Taylor,mary.taylor35@email.com,(741) 241-2153,1992-04-25,F,5079 Main St,Dallas,TX,38298,Basic,2015-08-27,795
CUST0392,Thomas,Brown,thomas.brown85@email.com,(454) 783-3931,1975-09-22,M,9249 Cedar Ln,Los Angeles,CA,64419,Standard,2017-03-02,749
CUST0393,Betty,Brown,betty.brown22@email.com,(384) 763-7579,1987-02-11,M,8368 Elm Dr,San Jose,CA,96184,Basic,2019-10-16,533
CUST0394,Jennifer,Lee,jennifer.lee48@email.com,(622) 982-8054,1994-09-29,F,5399 Cedar Ln,San Jose,CA,41551,Corporate,2021-03-03,646
CUST0395,Charles,Lee,charles.lee58@email.com,(658) 606-1003,1988-08-25,M,667 Elm Dr,Houston,TX,88087,Corporate,2017-11-06,664
CUST0396,James,Martin,james.martin41@email.com,(222) 990-5521,1982-01-29,M,9171 Cedar Ln,Chicago,IL,82918,Standard,2017-06-27,589
CUST0397,Charles,Perez,charles.perez34@email.com,(575) 796-5093,1963-06-17,M,3917 Elm Dr,Chicago,IL,49361,Standard,2016-10-01,550
CUST0398,John,Perez,john.perez23@email.com,(699) 906-2562,1974-07-04,M,9852 Elm Dr,San Antonio,TX,14898,Basic,2023-11-22,727
CUST0399,Betty,Perez,betty.perez56@email.com,(626) 323-4714,1962-01-15,M,9968 Main St,San Antonio,TX,93084,Corporate,2018-10-01,658
CUST0400,Matthew,Thomas,matthew.thomas20@email.com,(534) 714-4617,1982-05-06,M,2609 Main St,New York,NY,98294,Premium,2021-01-20,769
CUST0401,Betty,Thomas,betty.thomas19@email.com,(335) 544-2352,2000-04-12,M,7896 Cedar Ln,San Diego,CA,16463,Standard,2018-04-01,681
CUST0402,Karen,Thomas,karen.thomas98@email.com,(338) 692-4245,1962-08-19,M,8093 Park Blvd,Phoenix,AZ,95491,Standard,2023-09-05,546
CUST0403,Charles,Miller,charles.miller42@email.com,(901) 789-2467,1977-02-02,F,1943 Park Blvd,Dallas,TX,65514,Premium,2023-09-17,700
CUST0404,Susan,Taylor,susan.taylor22@email.com,(558) 831-8245,1983-10-10,F,2489 Park Blvd,Houston,TX,15882,Basic,2015-04-10,636
CUST0405,Linda,Miller,linda.miller80@email.com,(351) 494-1225,1968-12-29,M,5724 Main St,Philadelphia,PA,49992,Premium,2015-08-12,604
CUST0406,Joseph,Jackson,joseph.jackson70@email.com,(735) 968-5237,1984-10-09,F,9091 Park Blvd,New York,NY,91663,Basic,2017-05-17,584
CUST0407,Betty,Jones,betty.jones33@email.com,(374) 261-5653,1988-10-14,M,3388 Cedar Ln,New York,NY,45557,Corporate,2020-11-27,502
CUST0408,Mary,Moore,mary.moore47@email.com,(310) 219-5792,1960-12-22,M,6432 Oak Ave,New York,NY,59899,Basic,2022-06-08,817
CUST0409,Thomas,Brown,thomas.brown65@email.com,(668) 774-1352,1998-06-25,M,751 Oak Ave,Philadelphia,PA,79391,Standard,2017-02-02,581
CUST0410,Barbara,Anderson,barbara.anderson46@email.com,(840) 509-4869,1990-04-17,F,8312 Elm Dr,San Diego,CA,18127,Premium,2022-09-03,660
CUST0411,Christopher,Wilson,christopher.wilson44@email.com,(602) 872-3248,1957-08-23,M,1538 Park Blvd,San Antonio,TX,78251,Corporate,2017-07-12,557
CUST0412,Nancy,Thompson,nancy.thompson78@email.com,(537) 659-9883,1992-06-10,F,2258 Oak Ave,Houston,TX,95520,Basic,2019-10-13,639
CUST0413,Robert,Perez,robert.perez18@email.com,(640) 988-3378,1973-02-24,F,9354 Oak Ave,Dallas,TX,51614,Standard,2022-11-28,748
CUST0414,John,Lee,john.lee98@email.com,(526) 623-7737,1965-08-15,F,5070 Park Blvd,Dallas,TX,93472,Standard,2016-08-19,495
CUST0415,Betty,Wilson,betty.wilson79@email.com,(473) 820-4783,1971-11-11,M,9870 Oak Ave,Chicago,IL,40266,Premium,2015-04-18,793
CUST0416,Nancy,Smith,nancy.smith92@email.com,(865) 582-4014,1962-02-17,M,6448 Park Blvd,Philadelphia,PA,72108,Premium,2021-10-12,720
CUST0417,Robert,Garcia,robert.garcia53@email.com,(427) 960-4323,1975-04-20,M,3451 Main St,Houston,TX,33209,Standard,2015-03-03,618
CUST0418,Joseph,Thompson,joseph.thompson6@email.com,(822) 952-7232,1984-02-24,M,5226 Park Blvd,San Diego,CA,90151,Corporate,2019-10-18,687
CUST0419,Betty,Perez,betty.perez32@email.com,(731) 750-7481,1958-06-15,M,743 Cedar Ln,San Jose,CA,60777,Premium,2020-02-15,501
CUST0420,Thomas,Johnson,thomas.johnson60@email.com,(370) 632-5823,1981-02-14,M,993 Cedar Ln,Houston,TX,28643,Standard,2018-06-01,626
CUST0421,Joseph,Moore,joseph.moore18@email.com,(602) 623-6299,1999-12-01,M,7487 Main St,Los Angeles,CA,33445,Standard,2021-07-25,759
CUST0422,Joseph,Perez,joseph.perez92@email.com,(367) 935-3024,1995-10-17,M,1594 Main St,Houston,TX,68903,Standard,2022-10-04,812
CUST0423,Christopher,Taylor,christopher.taylor71@email.com,(589) 244-3799,1989-06-16,M,5591 Cedar Ln,Los Angeles,CA,96445,Basic,2016-10-16,673
CUST0424,Robert,Garcia,robert.garcia37@email.com,(841) 385-2926,1971-01-18,M,2255 Oak Ave,Chicago,IL,10463,Standard,2018-06-21,708
CUST0425,Lisa,Wilson,lisa.wilson78@email.com,(705) 443-4553,1996-02-23,M,9747 Park Blvd,New York,NY,69472,Corporate,2021-02-04,482
CUST0426,Jessica,Moore,jessica.moore81@email.com,(770) 412-1801,1955-08-04,F,3128 Oak Ave,Los Angeles,CA,17217,Corporate,2018-02-13,797
CUST0427,Christopher,Taylor,christopher.taylor43@email.com,(289) 250-2784,1968-01-16,M,6931 Oak Ave,New York,NY,31146,Basic,2021-10-07,632
CUST0428,Nancy,Martinez,nancy.martinez12@email.com,(986) 506-6289,1970-12-01,M,6138 Park Blvd,San Jose,CA,18869,Basic,2019-01-15,498
CUST0429,Matthew,Hernandez,matthew.hernandez43@email.com,(739) 623-9595,1960-10-28,F,3538 Oak Ave,Dallas,TX,90223,Standard,2016-05-14,620
CUST0430,Mary,Brown,mary.brown55@email.com,(823) 524-5254,1962-11-12,M,8708 Cedar Ln,San Jose,CA,91689,Basic,2021-10-13,627
CUST0431,Susan,Jones,susan.jones24@email.com,(824) 438-5759,1999-07-14,M,3271 Main St,San Jose,CA,25493,Basic,2020-07-31,732
CUST0432,James,Moore,james.moore43@email.com,(558) 773-4478,1973-08-07,M,285 Oak Ave,Los Angeles,CA,46913,Student,2019-08-23,503
CUST0433,William,Williams,william.williams15@email.com,(902) 541-6592,1981-12-09,M,6588 Cedar Ln,Phoenix,AZ,90739,Standard,2023-08-08,483
CUST0434,James,Garcia,james.garcia5@email.com,(861) 339-8888,1984-08-26,F,2645 Park Blvd,Houston,TX,80381,Corporate,2020-05-16,722
CUST0435,David,Moore,david.moore72@email.com,(748) 219-4412,1960-01-10,M,9560 Elm Dr,San Antonio,TX,56346,Standard,2023-02-17,641
CUST0436,John,Jones,john.jones22@email.com,(784) 820-7382,1957-10-18,F,3170 Cedar Ln,Phoenix,AZ,25315,Student,2022-01-10,753
CUST0437,Margaret,Martinez,margaret.martinez48@email.com,(662) 509-4541,1957-11-02,F,8703 Elm Dr,Philadelphia,PA,32939,Standard,2020-07-28,601
CUST0438,Patricia,Taylor,patricia.taylor65@email.com,(357) 394-6572,1973-02-17,M,8021 Cedar Ln,New York,NY,50679,Standard,2015-04-13,727
CUST0439,Matthew,Anderson,matthew.anderson93@email.com,(237) 670-7350,1963-10-25,M,8658 Main St,Chicago,IL,10538,Basic,2016-06-27,585
CUST0440,Barbara,Johnson,barbara.johnson67@email.com,(984) 874-6119,1962-10-24,F,468 Cedar Ln,San Jose,CA,50913,Standard,2015-07-08,532
CUST0441,Christopher,Miller,christopher.miller99@email.com,(651) 887-2927,1972-12-28,F,4567 Oak Ave,Philadelphia,PA,30643,Standard,2020-12-20,643
CUST0442,William,Brown,william.brown35@email.com,(344) 921-5641,1964-03-08,F,9505 Oak Ave,New York,NY,32449,Standard,2021-02-28,643
CUST0443,John,Martinez,john.martinez61@email.com,(891) 251-2735,1985-05-22,M,6384 Main St,San Jose,CA,21287,Standard,2016-06-16,494
CUST0444,Jessica,Thomas,jessica.thomas92@email.com,(976) 886-9740,1994-12-31,M,1386 Park Blvd,Chicago,IL,84421,Standard,2018-09-23,581
CUST0445,Robert,Williams,robert.williams61@email.com,(437) 429-3354,1963-09-23,M,4327 Elm Dr,San Diego,CA,61390,Standard,2022-03-24,718
CUST0446,Jennifer,Anderson,jennifer.anderson45@email.com,(690) 672-3798,1995-09-01,M,4724 Elm Dr,Philadelphia,PA,89225,Premium,2020-04-30,537
CUST0447,Charles,Jones,charles.jones42@email.com,(769) 865-2162,1964-03-26,M,5049 Cedar Ln,Dallas,TX,70420,Corporate,2023-12-08,534
CUST0448,Richard,Perez,richard.perez50@email.com,(267) 548-4411,1976-05-27,M,9782 Park Blvd,San Antonio,TX,67062,Standard,2016-10-13,726
CUST0449,Charles,Anderson,charles.anderson63@email.com,(317) 806-8584,1976-03-09,F,5430 Cedar Ln,Dallas,TX,22799,Basic,2015-11-16,773
CUST0450,Joseph,Garcia,joseph.garcia99@email.com,(588) 535-9098,1991-05-29,M,1107 Main St,Phoenix,AZ,38522,Basic,2022-09-08,785
CUST0451,Robert,Perez,robert.perez79@email.com,(791) 657-4205,1968-02-29,F,3469 Elm Dr,New York,NY,49286,Standard,2018-04-08,679
CUST0452,Charles,Martinez,charles.martinez52@email.com,(330) 501-2022,1985-11-19,M,6149 Cedar Ln,San Antonio,TX,16963,Basic,2021-11-09,741
CUST0453,James,Lee,james.lee90@email.com,(804) 603-6212,1964-11-03,F,6371 Park Blvd,Philadelphia,PA,60012,Corporate,2017-08-21,701
CUST0454,Jessica,Lee,jessica.lee47@email.com,(627) 357-5726,1970-07-23,M,2156 Oak Ave,Houston,TX,11520,Premium,2021-03-25,676
CUST0455,John,Smith,john.smith18@email.com,(857) 625-8471,1998-08-31,M,7074 Cedar Ln,Chicago,IL,33566,Student,2016-07-10,523
CUST0456,Joseph,Martin,joseph.martin78@email.com,(207) 791-9161,1995-05-18,M,3978 Cedar Ln,San Antonio,TX,45291,Standard,2017-01-31,697
CUST0457,Jessica,Lee,jessica.lee91@email.com,(577) 315-8889,1987-12-03,M,1411 Oak Ave,San Jose,CA,78997,Student,2021-05-16,727
CUST0458,Matthew,Wilson,matthew.wilson61@email.com,(845) 959-2279,1962-01-07,M,8934 Cedar Ln,San Diego,CA,50959,Corporate,2015-12-29,605
CUST0459,Lisa,Johnson,lisa.johnson94@email.com,(539) 631-6782,1955-12-20,M,4927 Elm Dr,Philadelphia,PA,31955,Standard,2020-04-05,773
CUST0460,Mary,Thompson,mary.thompson74@email.com,(252) 872-5780,1978-05-14,M,547 Elm Dr,Phoenix,AZ,73538,Basic,2021-06-26,566
CUST0461,John,Jones,john.jones36@email.com,(463) 214-2827,1961-11-23,F,9993 Oak Ave,Dallas,TX,87564,Standard,2021-11-27,623
CUST0462,Betty,Jones,betty.jones63@email.com,(385) 740-1542,1988-03-04,F,5717 Main St,San Diego,CA,29014,Standard,2022-11-10,600
CUST0463,Lisa,Jones,lisa.jones22@email.com,(415) 791-6653,1992-01-18,M,990 Elm Dr,San Diego,CA,25203,Standard,2019-12-08,806
CUST0464,Mary,Garcia,mary.garcia30@email.com,(588) 899-7390,1990-10-10,M,7875 Elm Dr,San Diego,CA,29025,Standard,2023-05-15,752
CUST0465,Thomas,Hernandez,thomas.hernandez88@email.com,(242) 299-9704,1980-11-28,M,5897 Park Blvd,New York,NY,90017,Standard,2018-07-17,751
CUST0466,Christopher,Wilson,christopher.wilson75@email.com,(600) 672-4961,1979-04-03,F,9745 Oak Ave,Philadelphia,PA,78151,Corporate,2017-11-11,815
CUST0467,David,Garcia,david.garcia13@email.com,(737) 306-8306,1955-12-13,M,5859 Oak Ave,Philadelphia,PA,47132,Corporate,2015-02-18,690
CUST0468,William,Miller,william.miller28@email.com,(813) 853-2995,1957-02-15,M,2065 Main St,New York,NY,89257,Premium,2021-08-30,816
CUST0469,Robert,Thomas,robert.thomas60@email.com,(876) 277-8429,1971-07-30,M,4628 Park Blvd,San Jose,CA,97500,Basic,2017-11-03,630
CUST0470,Matthew,Anderson,matthew.anderson50@email.com,(540) 261-5230,1969-07-13,M,4436 Oak Ave,Phoenix,AZ,67747,Standard,2015-09-13,675
CUST0471,John,Jackson,john.jackson70@email.com,(987) 641-4578,1990-03-23,F,1840 Park Blvd,Houston,TX,43947,Basic,2016-03-20,553
CUST0472,Patricia,Johnson,patricia.johnson3@email.com,(709) 352-1014,1961-04-26,M,719 Park Blvd,Los Angeles,CA,44922,Basic,2023-09-19,708
CUST0473,Robert,Anderson,robert.anderson62@email.com,(646) 613-2148,1955-05-02,M,8949 Oak Ave,San Antonio,TX,10433,Basic,2023-08-24,731
CUST0474,Richard,Jackson,richard.jackson81@email.com,(862) 292-6985,1987-03-15,F,8859 Elm Dr,Los Angeles,CA,20545,Basic,2019-06-29,508
CUST0475,Joseph,Martinez,joseph.martinez25@email.com,(506) 912-7391,1970-11-05,M,1849 Elm Dr,Houston,TX,73766,Premium,2019-04-23,818
CUST0476,John,Moore,john.moore31@email.com,(700) 598-2032,1967-07-22,M,8956 Elm Dr,Houston,TX,75494,Standard,2023-01-27,783
CUST0477,Karen,Moore,karen.moore52@email.com,(321) 416-9570,1958-04-28,F,7609 Cedar Ln,New York,NY,29523,Premium,2023-11-01,501
CUST0478,Betty,Perez,betty.perez3@email.com,(682) 833-1750,1961-06-18,M,4076 Oak Ave,Houston,TX,11882,Basic,2020-06-25,814
CUST0479,Jennifer,Johnson,jennifer.johnson14@email.com,(316) 709-4613,1963-09-24,M,1133 Oak Ave,Phoenix,AZ,65864,Basic,2021-08-17,512
CUST0480,David,Thomas,david.thomas98@email.com,(246) 807-3841,1965-11-02,M,5596 Main St,Philadelphia,PA,25826,Standard,2018-08-10,589
CUST0481,William,Jones,william.jones75@email.com,(241) 336-2637,1970-01-28,F,6262 Oak Ave,San Antonio,TX,12048,Basic,2019-12-02,604
CUST0482,Sarah,Williams,sarah.williams76@email.com,(490) 626-8798,1955-08-25,F,2179 Oak Ave,New York,NY,28754,Corporate,2022-12-04,813
CUST0483,Christopher,Wilson,christopher.wilson89@email.com,(238) 810-3949,1995-05-30,M,8290 Cedar Ln,Dallas,TX,21537,Standard,2016-12-15,792
CUST0484,Christopher,Martinez,christopher.martinez68@email.com,(297) 833-6929,1992-07-27,M,8942 Cedar Ln,Philadelphia,PA,38740,Basic,2017-02-25,540
CUST0485,Joseph,Miller,joseph.miller64@email.com,(380) 363-1706,1959-10-05,F,985 Elm Dr,Phoenix,AZ,47363,Premium,2016-09-03,722
CUST0486,Michael,Hernandez,michael.hernandez6@email.com,(306) 958-1859,1984-12-28,M,8904 Oak Ave,Phoenix,AZ,30715,Corporate,2023-07-04,712
CUST0487,Margaret,Smith,margaret.smith76@email.com,(793) 533-7865,1965-05-31,M,3356 Elm Dr,San Diego,CA,40154,Corporate,2023-02-02,707
CUST0488,Matthew,Brown,matthew.brown49@email.com,(425) 275-8716,1975-06-08,M,9686 Park Blvd,Philadelphia,PA,17122,Standard,2019-08-17,582
CUST0489,Jessica,Jones,jessica.jones93@email.com,(398) 847-6875,1995-10-27,F,4518 Oak Ave,Houston,TX,54025,Standard,2016-07-12,714
CUST0490,Robert,Johnson,robert.johnson54@email.com,(375) 978-6629,1960-05-08,F,3702 Elm Dr,San Jose,CA,89119,Premium,2020-03-21,714
CUST0491,Jennifer,Thompson,jennifer.thompson28@email.com,(805) 684-8581,1975-08-10,M,4673 Main St,Chicago,IL,66113,Standard,2020-11-07,730
CUST0492,Betty,Davis,betty.davis74@email.com,(205) 627-1724,1984-05-12,M,756 Park Blvd,Houston,TX,76088,Basic,2021-08-20,556
CUST0493,Mary,Hernandez,mary.hernandez58@email.com,(707) 446-2361,1990-05-18,M,9250 Main St,Dallas,TX,63296,Corporate,2022-10-24,530
CUST0494,Michael,Jones,michael.jones62@email.com,(885) 512-3650,1981-07-15,F,7624 Cedar Ln,Philadelphia,PA,86501,Basic,2016-01-07,488
CUST0495,James,Moore,james.moore60@email.com,(920) 848-1022,1967-06-09,M,1258 Park Blvd,San Diego,CA,53634,Standard,2019-02-26,800
CUST0496,Thomas,Johnson,thomas.johnson74@email.com,(412) 901-2326,1993-03-17,F,5600 Main St,Phoenix,AZ,77467,Basic,2021-11-13,757
CUST0497,Nancy,Taylor,nancy.taylor47@email.com,(575) 379-2097,1964-12-15,M,9287 Oak Ave,New York,NY,28141,Standard,2021-12-10,500
CUST0498,David,Davis,david.davis90@email.com,(414) 971-4693,1965-03-10,M,5350 Elm Dr,Dallas,TX,45043,Basic,2023-06-09,777
CUST0499,Thomas,Hernandez,thomas.hernandez65@email.com,(739) 325-8703,1959-11-20,M,8814 Cedar Ln,Phoenix,AZ,48307,Standard,2020-01-28,728
CUST0500,Joseph,Thompson,joseph.thompson11@email.com,(600) 383-5724,1960-11-20,F,1360 Main St,Philadelphia,PA,31596,Corporate,2020-02-19,524
