LoanID,AccountID,CustomerID,ProductID,BranchID,LoanAmount,InterestRate,TermMonths,MonthlyPayment,OutstandingBalance,StartDate,EndDate,LoanStatus,LoanPurpose
LOAN0001,ACC0001,CUST0001,PROD001,BR010,42000.0,16.98,60,1043.36,7150.53,2022-08-20,2027-07-25,Current,Personal
LOAN0002,ACC0002,CUST0002,PROD010,BR002,115300.0,6.91,24,5157.58,22855.42,2020-11-06,2022-10-27,Default,Investment
LOAN0003,ACC0003,CUST0003,PROD008,BR007,75300.0,17.25,24,3732.05,46306.62,2020-08-23,2022-08-13,Current,Small Business
LOAN0004,ACC0004,CUST0004,PROD002,BR007,301300.0,4.2,240,1857.73,61107.64,2020-03-26,2039-12-12,Current,Home Purchase
LOAN0005,ACC0005,CUST0005,PROD006,BR009,156800.0,8.78,60,3238.19,115209.92,2023-06-29,2028-06-02,Current,Home Improvement
LOAN0006,ACC0006,CUST0006,PROD004,BR007,33500.0,4.89,60,630.5,16315.9,2021-01-01,2025-12-06,Default,Education
LOAN0007,ACC0007,CUST0007,PROD009,BR002,11700.0,18.45,36,425.63,2066.05,2020-07-24,2023-07-09,Current,Debt Consolidation
LOAN0008,ACC0008,CUST0008,PROD007,BR009,1100.0,17.34,12,100.5,731.7,2023-03-26,2024-03-20,Current,Credit Building
LOAN0009,ACC0009,CUST0009,PROD005,BR007,60400.0,17.24,60,1508.9,42010.12,2021-01-31,2026-01-05,Paid Off,Business Expansion
LOAN0010,ACC0010,CUST0010,PROD007,BR002,4100.0,21.29,12,382.34,2904.12,2021-03-15,2022-03-10,Current,Credit Building
LOAN0011,ACC0011,CUST0011,PROD010,BR008,420600.0,13.02,24,20000.04,84478.68,2022-07-18,2024-07-07,Current,Investment
LOAN0012,ACC0012,CUST0012,PROD006,BR009,78800.0,6.97,120,913.72,22080.6,2020-09-23,2030-08-02,Paid Off,Home Improvement
LOAN0013,ACC0013,CUST0013,PROD003,BR001,17000.0,8.63,36,537.67,3478.98,2022-05-15,2025-04-29,Current,Auto Purchase
LOAN0014,ACC0014,CUST0014,PROD009,BR008,17500.0,11.4,60,383.99,8341.33,2020-05-05,2025-04-09,Current,Debt Consolidation
LOAN0015,ACC0015,CUST0015,PROD007,BR010,600.0,16.26,12,54.51,330.83,2021-07-30,2022-07-25,Current,Credit Building
LOAN0016,ACC0016,CUST0016,PROD006,BR005,191500.0,6.31,180,1648.23,55259.5,2020-01-16,2034-10-29,Current,Home Improvement
LOAN0017,ACC0017,CUST0017,PROD004,BR001,14400.0,6.23,120,161.54,8348.6,2022-10-13,2032-08-21,Current,Education
LOAN0018,ACC0018,CUST0018,PROD007,BR005,3300.0,17.67,24,164.22,1129.55,2022-01-31,2024-01-21,Paid Off,Credit Building
LOAN0019,ACC0019,CUST0019,PROD005,BR008,256400.0,9.51,36,8214.45,120266.25,2022-08-03,2025-07-18,Current,Business Expansion
LOAN0020,ACC0020,CUST0020,PROD002,BR009,161300.0,4.44,360,811.54,47643.71,2023-02-08,2052-09-03,Current,Home Purchase
LOAN0021,ACC0021,CUST0021,PROD002,BR008,180900.0,5.4,180,1468.52,33071.07,2022-11-24,2037-09-06,Current,Home Purchase
LOAN0022,ACC0022,CUST0022,PROD002,BR003,396400.0,6.49,180,3450.89,276948.11,2021-12-02,2036-09-14,Current,Home Purchase
LOAN0023,ACC0023,CUST0023,PROD001,BR007,25400.0,10.06,60,540.43,9710.89,2021-04-14,2026-03-19,Default,Personal
LOAN0024,ACC0024,CUST0024,PROD005,BR006,291700.0,18.49,36,10617.49,78633.67,2021-09-06,2024-08-21,Current,Business Expansion
LOAN0025,ACC0025,CUST0025,PROD004,BR001,6300.0,5.64,120,68.81,5232.11,2022-12-24,2032-11-01,Current,Education
LOAN0026,ACC0026,CUST0026,PROD007,BR010,1600.0,14.29,12,143.88,167.43,2023-02-23,2024-02-18,30-Days Late,Credit Building
LOAN0027,ACC0027,CUST0027,PROD004,BR010,35200.0,6.91,120,407.07,28602.85,2021-06-04,2031-04-13,Current,Education
LOAN0028,ACC0028,CUST0028,PROD003,BR002,27700.0,5.92,48,649.52,19239.19,2020-10-10,2024-09-19,Current,Auto Purchase
LOAN0029,ACC0029,CUST0029,PROD005,BR007,139100.0,9.1,36,4429.82,16858.0,2023-04-21,2026-04-05,Current,Business Expansion
LOAN0030,ACC0030,CUST0030,PROD008,BR010,78000.0,14.84,36,2697.79,9102.65,2020-03-17,2023-03-02,30-Days Late,Small Business
LOAN0031,ACC0031,CUST0031,PROD009,BR009,8100.0,17.65,60,204.15,4763.15,2021-07-06,2026-06-10,30-Days Late,Debt Consolidation
LOAN0032,ACC0032,CUST0032,PROD002,BR006,492200.0,3.93,180,3623.5,173738.99,2023-04-22,2038-02-02,Default,Home Purchase
LOAN0033,ACC0033,CUST0033,PROD007,BR010,2900.0,18.88,12,267.09,779.71,2020-05-13,2021-05-08,60-Days Late,Credit Building
LOAN0034,ACC0034,CUST0034,PROD007,BR007,3200.0,21.42,12,298.61,2789.97,2022-04-21,2023-04-16,Current,Credit Building
LOAN0035,ACC0035,CUST0035,PROD008,BR005,143400.0,15.06,36,4975.22,42776.8,2021-05-23,2024-05-07,Current,Small Business
LOAN0036,ACC0036,CUST0036,PROD003,BR004,46800.0,11.79,60,1036.08,27293.44,2023-04-08,2028-03-12,30-Days Late,Auto Purchase
LOAN0037,ACC0037,CUST0037,PROD001,BR002,37000.0,16.98,36,1318.78,30373.42,2022-06-01,2025-05-16,Current,Personal
LOAN0038,ACC0038,CUST0038,PROD004,BR008,8800.0,5.72,180,72.93,1670.57,2020-12-17,2035-09-30,Default,Education
LOAN0039,ACC0039,CUST0039,PROD001,BR005,9300.0,17.18,24,460.62,3849.93,2021-04-26,2023-04-16,30-Days Late,Personal
LOAN0040,ACC0040,CUST0040,PROD009,BR010,27700.0,20.82,60,746.58,23980.1,2022-07-07,2027-06-11,Current,Debt Consolidation
LOAN0041,ACC0041,CUST0041,PROD008,BR001,112300.0,15.72,36,3932.63,14144.79,2022-11-06,2025-10-21,Current,Small Business
LOAN0042,ACC0042,CUST0042,PROD009,BR007,45200.0,12.97,36,1522.31,33635.93,2020-11-25,2023-11-10,Paid Off,Debt Consolidation
LOAN0043,ACC0043,CUST0043,PROD006,BR009,112400.0,8.77,180,1124.71,104154.48,2022-06-20,2037-04-02,Paid Off,Home Improvement
LOAN0044,ACC0044,CUST0044,PROD009,BR003,7800.0,9.79,60,164.92,3556.56,2020-04-05,2025-03-10,30-Days Late,Debt Consolidation
LOAN0045,ACC0045,CUST0045,PROD003,BR004,29000.0,6.05,72,481.3,21747.63,2020-07-06,2026-06-05,Paid Off,Auto Purchase
LOAN0046,ACC0046,CUST0046,PROD009,BR008,35300.0,16.23,36,1245.06,23645.72,2023-05-13,2026-04-27,Current,Debt Consolidation
LOAN0047,ACC0047,CUST0047,PROD008,BR007,91000.0,21.49,36,3451.37,29762.85,2020-04-12,2023-03-28,Current,Small Business
LOAN0048,ACC0048,CUST0048,PROD002,BR005,552400.0,4.07,360,2659.58,221743.6,2020-08-18,2050-03-14,Paid Off,Home Purchase
LOAN0049,ACC0049,CUST0049,PROD004,BR003,41600.0,6.42,180,360.55,23897.51,2023-02-06,2037-11-19,Current,Education
LOAN0050,ACC0050,CUST0050,PROD002,BR008,390500.0,6.46,360,2457.96,136254.19,2021-01-07,2050-08-03,30-Days Late,Home Purchase
LOAN0051,ACC0051,CUST0051,PROD007,BR005,4300.0,17.73,12,393.67,3849.46,2021-06-26,2022-06-21,Current,Credit Building
LOAN0052,ACC0052,CUST0052,PROD009,BR005,11800.0,14.56,36,406.51,4570.32,2023-02-22,2026-02-06,Current,Debt Consolidation
LOAN0053,ACC0053,CUST0053,PROD006,BR010,156800.0,8.44,120,1939.07,88000.35,2021-07-17,2031-05-26,Current,Home Improvement
LOAN0054,ACC0054,CUST0054,PROD010,BR004,169700.0,9.86,60,3593.94,49850.94,2022-10-24,2027-09-28,Current,Investment
LOAN0055,ACC0055,CUST0055,PROD005,BR007,156900.0,18.9,60,4061.44,95968.06,2022-06-30,2027-06-04,Current,Business Expansion
LOAN0056,ACC0056,CUST0056,PROD002,BR002,249900.0,4.46,180,1906.61,215326.53,2023-04-16,2038-01-27,Current,Home Purchase
LOAN0057,ACC0057,CUST0057,PROD010,BR003,499400.0,13.83,60,11576.2,95768.14,2022-04-14,2027-03-19,60-Days Late,Investment
LOAN0058,ACC0058,CUST0058,PROD001,BR006,13400.0,10.09,48,340.44,7676.19,2021-10-19,2025-09-28,Current,Personal
LOAN0059,ACC0059,CUST0059,PROD001,BR003,21200.0,17.44,48,616.56,4726.49,2022-10-11,2026-09-20,Current,Personal
LOAN0060,ACC0060,CUST0060,PROD006,BR001,177100.0,8.03,120,2151.52,136286.11,2020-02-27,2030-01-05,Default,Home Improvement
LOAN0061,ACC0061,CUST0061,PROD008,BR008,135500.0,20.64,24,6938.82,28151.57,2022-11-22,2024-11-11,Current,Small Business
LOAN0062,ACC0062,CUST0062,PROD009,BR001,29600.0,20.4,60,790.82,24756.08,2020-01-06,2024-12-10,Current,Debt Consolidation
LOAN0063,ACC0063,CUST0063,PROD002,BR005,139800.0,4.64,180,1079.49,113765.67,2021-04-08,2036-01-20,Paid Off,Home Purchase
LOAN0064,ACC0064,CUST0064,PROD007,BR005,3000.0,20.1,12,278.05,1309.36,2023-04-06,2024-03-31,Current,Credit Building
LOAN0065,ACC0065,CUST0065,PROD009,BR007,30500.0,17.35,36,1092.73,11871.89,2021-11-01,2024-10-16,Current,Debt Consolidation
LOAN0066,ACC0066,CUST0066,PROD001,BR002,10600.0,8.9,36,336.58,8671.81,2020-04-29,2023-04-14,Paid Off,Personal
LOAN0067,ACC0067,CUST0067,PROD004,BR007,71700.0,4.35,60,1331.82,36087.23,2020-05-24,2025-04-28,60-Days Late,Education
LOAN0068,ACC0068,CUST0068,PROD004,BR010,45300.0,6.75,120,520.15,20750.19,2021-02-28,2031-01-07,Paid Off,Education
LOAN0069,ACC0069,CUST0069,PROD003,BR002,35700.0,7.19,60,710.11,5263.6,2023-05-12,2028-04-15,Current,Auto Purchase
LOAN0070,ACC0070,CUST0070,PROD010,BR010,185500.0,7.64,60,3729.39,58003.08,2023-04-03,2028-03-07,Paid Off,Investment
LOAN0071,ACC0071,CUST0071,PROD007,BR005,4000.0,21.33,24,206.19,2091.51,2022-06-02,2024-05-22,90-Days Late,Credit Building
LOAN0072,ACC0072,CUST0072,PROD005,BR003,28900.0,16.7,36,1026.05,13295.51,2021-10-06,2024-09-20,90-Days Late,Business Expansion
LOAN0073,ACC0073,CUST0073,PROD006,BR009,180600.0,7.63,120,2156.03,166159.98,2021-10-15,2031-08-24,Current,Home Improvement
LOAN0074,ACC0074,CUST0074,PROD010,BR001,241300.0,8.54,36,7621.72,187994.53,2021-06-12,2024-05-27,90-Days Late,Investment
LOAN0075,ACC0075,CUST0075,PROD003,BR007,26800.0,7.38,36,832.17,17091.17,2022-03-23,2025-03-07,Current,Auto Purchase
LOAN0076,ACC0076,CUST0076,PROD001,BR001,36300.0,14.52,36,1249.84,7283.67,2021-01-17,2024-01-02,Current,Personal
LOAN0077,ACC0077,CUST0077,PROD008,BR007,145000.0,14.98,36,5025.05,63952.35,2021-09-28,2024-09-12,30-Days Late,Small Business
LOAN0078,ACC0078,CUST0078,PROD007,BR001,1000.0,15.75,12,90.61,416.63,2020-07-08,2021-07-03,Current,Credit Building
LOAN0079,ACC0079,CUST0079,PROD005,BR009,244100.0,15.03,24,11839.07,182200.88,2020-01-13,2022-01-02,Current,Business Expansion
LOAN0080,ACC0080,CUST0080,PROD008,BR010,82300.0,13.95,36,2810.82,17173.9,2023-02-18,2026-02-02,Current,Small Business
LOAN0081,ACC0081,CUST0081,PROD010,BR006,249800.0,13.1,24,11887.68,119703.68,2021-07-13,2023-07-03,Current,Investment
LOAN0082,ACC0082,CUST0082,PROD005,BR003,200600.0,12.67,24,9505.83,176847.65,2020-08-15,2022-08-05,Current,Business Expansion
LOAN0083,ACC0083,CUST0083,PROD004,BR008,30700.0,5.62,180,252.8,22106.2,2023-04-20,2038-01-31,Current,Education
LOAN0084,ACC0084,CUST0084,PROD008,BR009,59000.0,19.24,24,2980.99,55217.56,2022-01-24,2024-01-14,Current,Small Business
LOAN0085,ACC0085,CUST0085,PROD003,BR002,43600.0,10.02,48,1106.23,16378.52,2022-10-28,2026-10-07,90-Days Late,Auto Purchase
LOAN0086,ACC0086,CUST0086,PROD005,BR001,33600.0,18.39,36,1221.3,22004.57,2021-09-17,2024-09-01,Current,Business Expansion
LOAN0087,ACC0087,CUST0087,PROD003,BR004,52300.0,6.0,48,1228.27,12083.35,2021-01-31,2025-01-10,Current,Auto Purchase
LOAN0088,ACC0088,CUST0088,PROD009,BR010,39400.0,17.83,48,1153.88,28502.9,2023-06-25,2027-06-04,Current,Debt Consolidation
LOAN0089,ACC0089,CUST0089,PROD007,BR004,1600.0,16.91,12,145.86,390.82,2022-09-29,2023-09-24,Default,Credit Building
LOAN0090,ACC0090,CUST0090,PROD009,BR007,35800.0,18.84,48,1067.4,25313.62,2021-12-25,2025-12-04,Current,Debt Consolidation
LOAN0091,ACC0091,CUST0091,PROD002,BR010,492000.0,6.78,180,4361.94,186767.44,2021-06-06,2036-03-19,Current,Home Purchase
LOAN0092,ACC0092,CUST0092,PROD010,BR004,196200.0,11.08,24,9151.75,123705.99,2021-06-30,2023-06-20,Default,Investment
LOAN0093,ACC0093,CUST0093,PROD005,BR001,34800.0,18.13,60,886.15,18704.89,2020-07-31,2025-07-05,Current,Business Expansion
LOAN0094,ACC0094,CUST0094,PROD008,BR009,50100.0,20.31,36,1869.82,47122.25,2021-12-08,2024-11-22,Current,Small Business
LOAN0095,ACC0095,CUST0095,PROD006,BR005,67100.0,5.97,180,565.14,53447.29,2021-03-06,2035-12-18,60-Days Late,Home Improvement
LOAN0096,ACC0096,CUST0096,PROD008,BR010,96700.0,14.63,24,4671.68,62421.68,2020-02-01,2022-01-21,Paid Off,Small Business
LOAN0097,ACC0097,CUST0097,PROD006,BR004,135900.0,6.19,180,1160.8,124524.25,2022-07-23,2037-05-05,Current,Home Improvement
LOAN0098,ACC0098,CUST0098,PROD009,BR007,41200.0,15.97,48,1166.99,22599.84,2023-04-15,2027-03-25,Paid Off,Debt Consolidation
LOAN0099,ACC0099,CUST0099,PROD010,BR001,187700.0,14.78,36,6486.48,130942.51,2023-03-31,2026-03-15,Current,Investment
LOAN0100,ACC0100,CUST0100,PROD008,BR003,45500.0,11.91,24,2139.93,25451.79,2023-05-10,2025-04-29,60-Days Late,Small Business
LOAN0101,ACC0101,CUST0101,PROD003,BR005,16600.0,6.82,48,396.12,8002.87,2023-04-28,2027-04-07,Current,Auto Purchase
LOAN0102,ACC0102,CUST0102,PROD002,BR003,587900.0,6.85,360,3852.27,254626.89,2020-03-02,2049-09-26,Paid Off,Home Purchase
LOAN0103,ACC0103,CUST0103,PROD010,BR004,492500.0,10.84,60,10668.89,347181.51,2020-04-11,2025-03-16,Current,Investment
LOAN0104,ACC0104,CUST0104,PROD003,BR002,12200.0,6.26,48,287.97,3042.31,2021-04-16,2025-03-26,Current,Auto Purchase
LOAN0105,ACC0105,CUST0105,PROD009,BR007,25800.0,13.83,36,879.65,13718.76,2020-03-02,2023-02-15,30-Days Late,Debt Consolidation
LOAN0106,ACC0106,CUST0106,PROD009,BR008,37200.0,10.89,60,806.78,29579.78,2020-06-20,2025-05-25,Current,Debt Consolidation
LOAN0107,ACC0107,CUST0107,PROD002,BR005,130900.0,6.05,300,847.4,85398.41,2021-10-15,2046-06-06,Current,Home Purchase
LOAN0108,ACC0108,CUST0108,PROD009,BR001,40400.0,12.65,60,912.0,10735.87,2020-10-10,2025-09-14,Default,Debt Consolidation
LOAN0109,ACC0109,CUST0109,PROD010,BR006,424400.0,13.14,24,20204.67,114067.0,2020-01-08,2021-12-28,Current,Investment
LOAN0110,ACC0110,CUST0110,PROD007,BR003,500.0,22.09,24,25.96,454.81,2021-11-05,2023-10-26,Current,Credit Building
LOAN0111,ACC0111,CUST0111,PROD002,BR006,109800.0,5.94,360,654.08,101738.21,2022-06-05,2051-12-30,Current,Home Purchase
LOAN0112,ACC0112,CUST0112,PROD002,BR002,106500.0,5.81,300,673.87,89180.78,2021-09-04,2046-04-26,60-Days Late,Home Purchase
LOAN0113,ACC0113,CUST0113,PROD004,BR005,5100.0,5.68,120,55.8,2238.9,2020-07-24,2030-06-02,Paid Off,Education
LOAN0114,ACC0114,CUST0114,PROD005,BR010,154100.0,13.75,24,7380.6,116662.14,2022-01-22,2024-01-12,Current,Business Expansion
LOAN0115,ACC0115,CUST0115,PROD009,BR004,18200.0,11.11,60,396.71,10554.39,2023-03-08,2028-02-10,Current,Debt Consolidation
LOAN0116,ACC0116,CUST0116,PROD008,BR001,83900.0,15.75,24,4097.99,46125.52,2022-08-25,2024-08-14,30-Days Late,Small Business
LOAN0117,ACC0117,CUST0117,PROD010,BR002,213800.0,9.62,60,4502.75,54202.27,2022-05-28,2027-05-02,Current,Investment
LOAN0118,ACC0118,CUST0118,PROD008,BR007,13300.0,16.43,24,653.95,11993.64,2020-02-15,2022-02-04,Paid Off,Small Business
LOAN0119,ACC0119,CUST0119,PROD006,BR008,172900.0,7.82,180,1634.41,139423.35,2023-02-18,2037-12-01,Current,Home Improvement
LOAN0120,ACC0120,CUST0120,PROD002,BR009,527400.0,6.16,300,3449.81,474466.65,2020-10-12,2045-06-03,Current,Home Purchase
LOAN0121,ACC0121,CUST0121,PROD009,BR006,48700.0,10.84,48,1254.9,16907.14,2022-07-24,2026-07-03,60-Days Late,Debt Consolidation
LOAN0122,ACC0122,CUST0122,PROD008,BR005,63900.0,11.31,24,2987.45,35818.45,2020-07-16,2022-07-06,30-Days Late,Small Business
LOAN0123,ACC0123,CUST0123,PROD003,BR005,14600.0,10.13,72,271.44,6867.56,2020-10-09,2026-09-08,Current,Auto Purchase
LOAN0124,ACC0124,CUST0124,PROD008,BR006,81700.0,9.93,24,3767.4,58240.27,2021-06-25,2023-06-15,Paid Off,Small Business
LOAN0125,ACC0125,CUST0125,PROD002,BR009,273300.0,4.71,360,1419.08,101426.11,2020-04-02,2049-10-27,Current,Home Purchase
LOAN0126,ACC0126,CUST0126,PROD010,BR003,106800.0,13.81,36,3640.32,75161.63,2020-01-01,2022-12-16,60-Days Late,Investment
LOAN0127,ACC0127,CUST0127,PROD002,BR007,209800.0,5.98,300,1349.18,70040.19,2022-04-19,2046-12-09,Current,Home Purchase
LOAN0128,ACC0128,CUST0128,PROD003,BR005,52400.0,8.56,48,1293.06,12498.02,2022-10-27,2026-10-06,Current,Auto Purchase
LOAN0129,ACC0129,CUST0129,PROD005,BR001,41100.0,13.34,60,942.32,10495.01,2022-11-24,2027-10-29,60-Days Late,Business Expansion
LOAN0130,ACC0130,CUST0130,PROD004,BR002,15200.0,5.58,120,165.56,13460.61,2023-01-15,2032-11-23,Current,Education
LOAN0131,ACC0131,CUST0131,PROD008,BR002,18200.0,13.39,24,868.6,3617.13,2020-07-06,2022-06-26,Current,Small Business
LOAN0132,ACC0132,CUST0132,PROD003,BR008,54300.0,6.21,36,1657.08,14011.59,2021-10-07,2024-09-21,Paid Off,Auto Purchase
LOAN0133,ACC0133,CUST0133,PROD006,BR004,190500.0,8.56,120,2368.04,151960.55,2020-04-19,2030-02-26,Current,Home Improvement
LOAN0134,ACC0134,CUST0134,PROD008,BR002,123400.0,16.42,24,6066.84,112717.75,2020-01-10,2021-12-30,60-Days Late,Small Business
LOAN0135,ACC0135,CUST0135,PROD002,BR009,387000.0,4.77,300,2210.81,113372.75,2021-08-23,2046-04-14,90-Days Late,Home Purchase
LOAN0136,ACC0136,CUST0136,PROD009,BR008,23600.0,15.83,36,827.73,9272.95,2022-04-24,2025-04-08,Current,Debt Consolidation
LOAN0137,ACC0137,CUST0137,PROD008,BR002,67900.0,18.16,24,3395.1,18459.08,2022-08-29,2024-08-18,Current,Small Business
LOAN0138,ACC0138,CUST0138,PROD004,BR002,7700.0,5.3,60,146.37,5840.3,2021-12-21,2026-11-25,Current,Education
LOAN0139,ACC0139,CUST0139,PROD003,BR002,33400.0,7.43,60,668.16,10608.79,2022-06-15,2027-05-20,Default,Auto Purchase
LOAN0140,ACC0140,CUST0140,PROD006,BR003,95700.0,5.99,120,1061.99,44989.38,2023-01-22,2032-11-30,Current,Home Improvement
LOAN0141,ACC0141,CUST0141,PROD010,BR009,148600.0,12.53,36,4973.35,132448.16,2021-09-05,2024-08-20,Current,Investment
LOAN0142,ACC0142,CUST0142,PROD003,BR006,50000.0,7.99,60,1013.58,43887.69,2022-04-11,2027-03-16,Current,Auto Purchase
LOAN0143,ACC0143,CUST0143,PROD001,BR008,41700.0,17.14,24,2064.55,16933.96,2022-03-16,2024-03-05,Current,Personal
LOAN0144,ACC0144,CUST0144,PROD006,BR007,48700.0,7.61,180,454.5,29461.39,2020-01-20,2034-11-02,Current,Home Improvement
LOAN0145,ACC0145,CUST0145,PROD006,BR002,27700.0,7.81,120,333.3,18452.91,2020-02-26,2030-01-04,Paid Off,Home Improvement
LOAN0146,ACC0146,CUST0146,PROD002,BR002,598400.0,5.23,360,3296.98,365546.38,2020-07-13,2050-02-06,Current,Home Purchase
LOAN0147,ACC0147,CUST0147,PROD005,BR008,212500.0,8.59,60,4368.99,51629.33,2020-12-28,2025-12-02,60-Days Late,Business Expansion
LOAN0148,ACC0148,CUST0148,PROD006,BR004,76700.0,8.74,120,960.84,52171.32,2020-06-19,2030-04-28,Paid Off,Home Improvement
LOAN0149,ACC0149,CUST0149,PROD003,BR003,31900.0,7.54,60,639.82,3476.76,2020-05-01,2025-04-05,90-Days Late,Auto Purchase
LOAN0150,ACC0150,CUST0150,PROD001,BR002,19400.0,11.01,36,635.22,17879.44,2021-12-11,2024-11-25,60-Days Late,Personal
LOAN0151,ACC0151,CUST0151,PROD005,BR008,199300.0,14.79,24,9643.52,67790.22,2022-06-16,2024-06-05,Current,Business Expansion
LOAN0152,ACC0152,CUST0152,PROD008,BR004,128200.0,14.8,24,6203.81,90003.12,2021-12-25,2023-12-15,Current,Small Business
LOAN0153,ACC0153,CUST0153,PROD001,BR004,35000.0,16.12,24,1715.72,32731.37,2020-01-20,2022-01-09,30-Days Late,Personal
LOAN0154,ACC0154,CUST0154,PROD004,BR005,63000.0,4.24,180,473.62,12646.61,2023-03-31,2038-01-11,Current,Education
LOAN0155,ACC0155,CUST0155,PROD001,BR004,24300.0,12.77,48,649.14,3917.34,2020-05-11,2024-04-20,30-Days Late,Personal
LOAN0156,ACC0156,CUST0156,PROD002,BR004,595200.0,4.84,240,3875.64,241233.4,2023-01-22,2042-10-09,Current,Home Purchase
LOAN0157,ACC0157,CUST0157,PROD006,BR010,81300.0,5.95,120,900.56,10428.27,2020-05-24,2030-04-02,Current,Home Improvement
LOAN0158,ACC0158,CUST0158,PROD010,BR001,339900.0,9.84,36,10942.1,50975.26,2023-01-26,2026-01-10,60-Days Late,Investment
LOAN0159,ACC0159,CUST0159,PROD008,BR005,16200.0,17.69,24,806.35,8518.13,2022-09-07,2024-08-27,Current,Small Business
LOAN0160,ACC0160,CUST0160,PROD004,BR004,47800.0,5.15,180,381.74,39798.51,2022-02-06,2036-11-19,Current,Education
LOAN0161,ACC0161,CUST0161,PROD008,BR007,116200.0,19.58,36,4293.58,12415.09,2021-11-02,2024-10-17,Current,Small Business
LOAN0162,ACC0162,CUST0162,PROD001,BR002,27200.0,17.75,48,795.45,5725.78,2021-06-06,2025-05-16,Current,Personal
LOAN0163,ACC0163,CUST0163,PROD008,BR009,45700.0,16.28,24,2243.73,31856.92,2023-03-18,2025-03-07,90-Days Late,Small Business
LOAN0164,ACC0164,CUST0164,PROD005,BR006,260400.0,8.77,60,5376.45,152495.46,2020-03-06,2025-02-08,Paid Off,Business Expansion
LOAN0165,ACC0165,CUST0165,PROD001,BR006,16000.0,14.13,60,373.37,5044.57,2022-11-11,2027-10-16,Paid Off,Personal
LOAN0166,ACC0166,CUST0166,PROD002,BR002,292000.0,5.18,240,1956.22,259410.06,2023-06-16,2043-03-03,30-Days Late,Home Purchase
LOAN0167,ACC0167,CUST0167,PROD008,BR006,115600.0,21.45,36,4381.99,95789.44,2021-10-24,2024-10-08,Current,Small Business
LOAN0168,ACC0168,CUST0168,PROD010,BR010,397000.0,9.12,36,12646.68,117632.45,2020-04-05,2023-03-21,Current,Investment
LOAN0169,ACC0169,CUST0169,PROD003,BR001,54200.0,6.42,60,1058.46,29406.84,2021-12-25,2026-11-29,Current,Auto Purchase
LOAN0170,ACC0170,CUST0170,PROD008,BR001,107300.0,10.58,36,3491.56,19014.52,2020-08-22,2023-08-07,Current,Small Business
LOAN0171,ACC0171,CUST0171,PROD009,BR001,13100.0,14.42,36,450.4,8514.73,2020-07-21,2023-07-06,30-Days Late,Debt Consolidation
LOAN0172,ACC0172,CUST0172,PROD002,BR006,553500.0,5.43,180,4502.02,324861.95,2022-12-05,2037-09-17,Current,Home Purchase
LOAN0173,ACC0173,CUST0173,PROD006,BR010,37000.0,6.14,60,717.72,17428.88,2022-10-27,2027-10-01,Current,Home Improvement
LOAN0174,ACC0174,CUST0174,PROD009,BR002,37900.0,19.54,60,994.44,26026.96,2022-08-07,2027-07-12,60-Days Late,Debt Consolidation
LOAN0175,ACC0175,CUST0175,PROD002,BR007,378000.0,3.94,180,2784.67,332486.03,2021-11-26,2036-09-08,90-Days Late,Home Purchase
LOAN0176,ACC0176,CUST0176,PROD010,BR004,80200.0,14.72,60,1896.19,42685.83,2020-11-12,2025-10-17,Paid Off,Investment
LOAN0177,ACC0177,CUST0177,PROD009,BR005,19900.0,19.56,36,735.1,18827.68,2020-07-15,2023-06-30,60-Days Late,Debt Consolidation
LOAN0178,ACC0178,CUST0178,PROD008,BR003,10200.0,11.22,24,476.44,3573.71,2023-06-13,2025-06-02,Paid Off,Small Business
LOAN0179,ACC0179,CUST0179,PROD004,BR003,54700.0,4.71,120,572.46,18368.84,2020-06-30,2030-05-09,Current,Education
LOAN0180,ACC0180,CUST0180,PROD004,BR003,74300.0,7.04,180,669.49,11600.69,2020-08-12,2035-05-26,Paid Off,Education
LOAN0181,ACC0181,CUST0181,PROD010,BR010,369700.0,12.39,60,8296.82,268166.11,2020-09-16,2025-08-21,Current,Investment
LOAN0182,ACC0182,CUST0182,PROD004,BR001,25800.0,6.56,60,505.53,21272.59,2021-03-24,2026-02-26,Current,Education
LOAN0183,ACC0183,CUST0183,PROD006,BR003,145200.0,6.13,120,1621.51,19633.15,2021-02-01,2030-12-11,Current,Home Improvement
LOAN0184,ACC0184,CUST0184,PROD002,BR007,267700.0,3.95,300,1405.64,71605.8,2022-03-21,2046-11-10,Default,Home Purchase
LOAN0185,ACC0185,CUST0185,PROD006,BR010,61500.0,8.45,120,760.87,24752.53,2022-07-30,2032-06-07,Current,Home Improvement
LOAN0186,ACC0186,CUST0186,PROD009,BR004,10900.0,10.31,36,353.3,10268.54,2020-11-27,2023-11-12,60-Days Late,Debt Consolidation
LOAN0187,ACC0187,CUST0187,PROD002,BR008,249300.0,6.48,180,2168.93,148267.25,2020-11-21,2035-09-04,Current,Home Purchase
LOAN0188,ACC0188,CUST0188,PROD001,BR005,16200.0,17.54,48,471.99,10158.62,2020-05-16,2024-04-25,Current,Personal
LOAN0189,ACC0189,CUST0189,PROD002,BR004,569400.0,5.1,180,4532.5,83983.95,2022-10-23,2037-08-05,Paid Off,Home Purchase
LOAN0190,ACC0190,CUST0190,PROD007,BR007,2600.0,21.46,12,242.67,776.85,2022-02-23,2023-02-18,Current,Credit Building
LOAN0191,ACC0191,CUST0191,PROD010,BR009,411900.0,9.54,24,18919.76,244681.57,2021-09-12,2023-09-02,90-Days Late,Investment
LOAN0192,ACC0192,CUST0192,PROD005,BR001,146300.0,12.75,24,6938.2,89822.39,2021-09-19,2023-09-09,Current,Business Expansion
LOAN0193,ACC0193,CUST0193,PROD007,BR006,500.0,20.41,24,25.55,242.79,2020-12-08,2022-11-28,Current,Credit Building
LOAN0194,ACC0194,CUST0194,PROD003,BR007,54100.0,6.26,60,1052.46,17169.58,2020-10-27,2025-10-01,30-Days Late,Auto Purchase
LOAN0195,ACC0195,CUST0195,PROD006,BR009,145200.0,6.65,60,2851.22,98344.12,2020-07-26,2025-06-30,30-Days Late,Home Improvement
LOAN0196,ACC0196,CUST0196,PROD001,BR009,38100.0,17.37,24,1890.53,33937.93,2023-06-29,2025-06-18,Current,Personal
LOAN0197,ACC0197,CUST0197,PROD005,BR002,206000.0,14.28,36,7068.64,59227.61,2021-06-23,2024-06-07,Default,Business Expansion
LOAN0198,ACC0198,CUST0198,PROD003,BR005,57400.0,11.83,48,1506.78,38268.8,2022-01-18,2025-12-28,Current,Auto Purchase
LOAN0199,ACC0199,CUST0199,PROD004,BR005,76200.0,7.33,60,1520.74,12642.81,2021-05-08,2026-04-12,Current,Education
LOAN0200,ACC0200,CUST0200,PROD009,BR008,23300.0,13.76,60,539.26,9653.79,2021-06-30,2026-06-04,60-Days Late,Debt Consolidation
LOAN0201,ACC0201,CUST0201,PROD010,BR005,274700.0,13.19,36,9280.89,193743.27,2023-04-16,2026-03-31,Paid Off,Investment
LOAN0202,ACC0202,CUST0202,PROD006,BR004,84900.0,6.57,120,967.05,42565.46,2023-03-01,2033-01-07,Current,Home Improvement
LOAN0203,ACC0203,CUST0203,PROD010,BR009,222000.0,13.28,36,7510.03,193151.78,2021-03-03,2024-02-16,Current,Investment
LOAN0204,ACC0204,CUST0204,PROD005,BR006,31100.0,15.68,24,1518.0,11887.49,2023-03-18,2025-03-07,30-Days Late,Business Expansion
LOAN0205,ACC0205,CUST0205,PROD005,BR009,49100.0,11.76,36,1625.2,10861.22,2023-05-05,2026-04-19,Current,Business Expansion
LOAN0206,ACC0206,CUST0206,PROD007,BR007,1900.0,18.42,12,174.57,211.88,2021-05-05,2022-04-30,Current,Credit Building
LOAN0207,ACC0207,CUST0207,PROD004,BR006,63300.0,6.14,60,1227.89,16100.59,2021-06-28,2026-06-02,Default,Education
LOAN0208,ACC0208,CUST0208,PROD001,BR005,34300.0,13.57,36,1165.14,30863.65,2020-11-18,2023-11-03,Current,Personal
LOAN0209,ACC0209,CUST0209,PROD006,BR005,58400.0,8.39,120,720.65,26323.91,2023-03-06,2033-01-12,Current,Home Improvement
LOAN0210,ACC0210,CUST0210,PROD002,BR001,115000.0,5.8,180,958.05,103399.34,2022-10-12,2037-07-25,Paid Off,Home Purchase
LOAN0211,ACC0211,CUST0211,PROD003,BR002,14000.0,10.24,72,261.06,12302.19,2020-07-08,2026-06-07,Current,Auto Purchase
LOAN0212,ACC0212,CUST0212,PROD004,BR006,66200.0,6.37,180,571.95,30981.85,2020-12-26,2035-10-09,90-Days Late,Education
LOAN0213,ACC0213,CUST0213,PROD005,BR005,257100.0,15.16,60,6138.01,36332.86,2022-10-17,2027-09-21,30-Days Late,Business Expansion
LOAN0214,ACC0214,CUST0214,PROD003,BR001,44600.0,8.17,60,907.96,12897.42,2020-10-29,2025-10-03,Current,Auto Purchase
LOAN0215,ACC0215,CUST0215,PROD010,BR007,230100.0,9.22,24,10535.3,114549.76,2021-02-03,2023-01-24,Paid Off,Investment
LOAN0216,ACC0216,CUST0216,PROD001,BR006,41700.0,15.96,24,2040.96,37047.77,2020-02-20,2022-02-09,30-Days Late,Personal
LOAN0217,ACC0217,CUST0217,PROD001,BR001,6100.0,9.08,36,194.21,950.72,2020-09-19,2023-09-04,Current,Personal
LOAN0218,ACC0218,CUST0218,PROD004,BR002,36900.0,6.19,60,716.64,25403.98,2023-03-20,2028-02-22,Paid Off,Education
LOAN0219,ACC0219,CUST0219,PROD007,BR009,4100.0,20.87,24,210.42,3575.89,2020-12-02,2022-11-22,Current,Credit Building
LOAN0220,ACC0220,CUST0220,PROD010,BR006,208000.0,7.8,36,6498.79,181066.4,2020-12-26,2023-12-11,30-Days Late,Investment
LOAN0221,ACC0221,CUST0221,PROD010,BR008,402800.0,9.39,60,8437.91,371142.41,2022-02-03,2027-01-08,Paid Off,Investment
LOAN0222,ACC0222,CUST0222,PROD004,BR004,16100.0,4.7,180,124.82,4714.3,2022-06-25,2037-04-07,Paid Off,Education
LOAN0223,ACC0223,CUST0223,PROD010,BR010,128400.0,8.91,36,4077.71,98172.06,2021-03-30,2024-03-14,Current,Investment
LOAN0224,ACC0224,CUST0224,PROD007,BR002,2800.0,23.62,24,147.51,498.1,2022-03-24,2024-03-13,Paid Off,Credit Building
LOAN0225,ACC0225,CUST0225,PROD001,BR009,13400.0,13.81,24,642.17,10530.88,2022-11-01,2024-10-21,Current,Personal
LOAN0226,ACC0226,CUST0226,PROD001,BR002,5600.0,8.8,60,115.7,2246.09,2020-07-23,2025-06-27,Default,Personal
LOAN0227,ACC0227,CUST0227,PROD009,BR004,45200.0,15.86,60,1095.82,31647.86,2021-01-09,2025-12-14,Current,Debt Consolidation
LOAN0228,ACC0228,CUST0228,PROD007,BR005,2900.0,16.56,24,142.77,783.75,2022-09-06,2024-08-26,Current,Credit Building
LOAN0229,ACC0229,CUST0229,PROD003,BR004,59000.0,11.77,48,1547.04,53657.04,2020-10-17,2024-09-26,Current,Auto Purchase
LOAN0230,ACC0230,CUST0230,PROD002,BR010,246000.0,6.89,300,1721.45,231690.45,2023-02-21,2047-10-13,Current,Home Purchase
LOAN0231,ACC0231,CUST0231,PROD003,BR003,46700.0,7.8,36,1459.1,11935.79,2022-02-11,2025-01-26,Paid Off,Auto Purchase
LOAN0232,ACC0232,CUST0232,PROD006,BR004,86900.0,5.96,120,963.02,70228.12,2021-05-11,2031-03-20,60-Days Late,Home Improvement
LOAN0233,ACC0233,CUST0233,PROD004,BR002,69100.0,4.58,60,1290.75,30217.21,2021-07-10,2026-06-14,Current,Education
LOAN0234,ACC0234,CUST0234,PROD004,BR001,41400.0,5.24,180,332.59,31312.67,2021-09-16,2036-06-29,Current,Education
LOAN0235,ACC0235,CUST0235,PROD001,BR002,14900.0,11.51,60,327.76,7932.91,2020-04-27,2025-04-01,Current,Personal
LOAN0236,ACC0236,CUST0236,PROD010,BR008,345600.0,9.74,36,11109.4,266851.94,2021-07-20,2024-07-04,Current,Investment
LOAN0237,ACC0237,CUST0237,PROD010,BR002,409700.0,14.37,60,9611.77,169224.26,2020-05-17,2025-04-21,60-Days Late,Investment
LOAN0238,ACC0238,CUST0238,PROD002,BR002,383100.0,6.65,300,2622.74,177768.14,2021-11-06,2046-06-28,Paid Off,Home Purchase
LOAN0239,ACC0239,CUST0239,PROD002,BR010,460400.0,5.64,240,3203.55,171676.01,2023-04-25,2043-01-10,Current,Home Purchase
LOAN0240,ACC0240,CUST0240,PROD003,BR001,33900.0,5.5,48,788.39,10698.09,2020-02-07,2024-01-17,Current,Auto Purchase
LOAN0241,ACC0241,CUST0241,PROD001,BR002,33000.0,14.28,24,1588.79,23747.44,2020-10-05,2022-09-25,Current,Personal
LOAN0242,ACC0242,CUST0242,PROD004,BR010,23300.0,6.56,180,203.74,11494.91,2022-04-06,2037-01-17,Current,Education
LOAN0243,ACC0243,CUST0243,PROD001,BR010,48000.0,12.44,24,2269.4,22195.59,2020-12-03,2022-11-23,Current,Personal
LOAN0244,ACC0244,CUST0244,PROD010,BR003,109300.0,11.98,60,2430.21,53701.81,2020-02-27,2025-01-31,Current,Investment
LOAN0245,ACC0245,CUST0245,PROD009,BR009,33000.0,16.9,48,950.51,9954.34,2021-12-22,2025-12-01,Current,Debt Consolidation
LOAN0246,ACC0246,CUST0246,PROD010,BR005,141400.0,11.56,60,3114.02,53660.36,2022-02-21,2027-01-26,Paid Off,Investment
LOAN0247,ACC0247,CUST0247,PROD010,BR006,131800.0,7.55,24,5933.94,26741.39,2020-11-20,2022-11-10,Default,Investment
LOAN0248,ACC0248,CUST0248,PROD006,BR008,165400.0,6.67,120,1892.42,106529.39,2023-02-27,2033-01-05,Current,Home Improvement
LOAN0249,ACC0249,CUST0249,PROD001,BR001,5100.0,11.88,60,113.14,1837.25,2022-03-21,2027-02-23,90-Days Late,Personal
LOAN0250,ACC0250,CUST0250,PROD008,BR007,51700.0,14.6,36,1782.09,44053.13,2021-09-25,2024-09-09,Default,Small Business
LOAN0251,ACC0251,CUST0251,PROD007,BR006,2400.0,23.81,24,126.66,307.37,2021-11-08,2023-10-29,Current,Credit Building
LOAN0252,ACC0252,CUST0252,PROD004,BR008,19900.0,6.14,120,222.33,11547.76,2021-07-11,2031-05-20,Paid Off,Education
LOAN0253,ACC0253,CUST0253,PROD008,BR002,25400.0,16.94,36,904.82,14831.4,2020-10-08,2023-09-23,Current,Small Business
LOAN0254,ACC0254,CUST0254,PROD001,BR006,31700.0,14.98,36,1098.58,12594.41,2022-01-23,2025-01-07,Current,Personal
LOAN0255,ACC0255,CUST0255,PROD007,BR004,2400.0,16.32,12,218.12,1492.73,2021-10-05,2022-09-30,30-Days Late,Credit Building
LOAN0256,ACC0256,CUST0256,PROD009,BR010,39400.0,16.47,48,1126.11,17803.1,2021-07-30,2025-07-09,Current,Debt Consolidation
LOAN0257,ACC0257,CUST0257,PROD006,BR005,177400.0,8.81,120,2229.03,64091.57,2021-03-29,2031-02-05,Current,Home Improvement
LOAN0258,ACC0258,CUST0258,PROD005,BR010,58400.0,14.26,60,1366.75,17981.36,2023-04-21,2028-03-25,Default,Business Expansion
LOAN0259,ACC0259,CUST0259,PROD005,BR005,184000.0,11.14,60,4013.46,155574.28,2021-07-06,2026-06-10,Current,Business Expansion
LOAN0260,ACC0260,CUST0260,PROD009,BR003,11600.0,10.04,48,294.43,5302.46,2022-10-22,2026-10-01,Current,Debt Consolidation
LOAN0261,ACC0261,CUST0261,PROD004,BR010,55200.0,5.96,180,464.62,45783.63,2023-04-08,2038-01-19,Current,Education
LOAN0262,ACC0262,CUST0262,PROD002,BR001,598900.0,6.16,360,3652.55,91046.78,2020-09-21,2050-04-17,Default,Home Purchase
LOAN0263,ACC0263,CUST0263,PROD001,BR008,19700.0,16.85,48,566.92,6776.91,2021-01-29,2025-01-08,Current,Personal
LOAN0264,ACC0264,CUST0264,PROD006,BR008,164100.0,6.22,60,3189.33,50504.86,2020-03-17,2025-02-19,Current,Home Improvement
LOAN0265,ACC0265,CUST0265,PROD007,BR005,2200.0,14.63,12,198.18,322.12,2023-03-06,2024-02-29,Paid Off,Credit Building
LOAN0266,ACC0266,CUST0266,PROD006,BR002,44500.0,6.17,180,379.62,17057.77,2022-08-03,2037-05-16,Current,Home Improvement
LOAN0267,ACC0267,CUST0267,PROD010,BR007,135600.0,11.39,60,2974.71,124652.47,2022-08-23,2027-07-28,Current,Investment
LOAN0268,ACC0268,CUST0268,PROD002,BR010,404700.0,6.73,300,2791.01,230544.6,2022-01-08,2046-08-30,60-Days Late,Home Purchase
LOAN0269,ACC0269,CUST0269,PROD007,BR007,1500.0,14.72,24,72.53,1278.4,2020-04-08,2022-03-29,Current,Credit Building
LOAN0270,ACC0270,CUST0270,PROD007,BR003,4700.0,21.33,12,438.38,1248.64,2021-05-24,2022-05-19,Current,Credit Building
LOAN0271,ACC0271,CUST0271,PROD007,BR004,3500.0,14.19,12,314.57,2474.76,2022-07-12,2023-07-07,60-Days Late,Credit Building
LOAN0272,ACC0272,CUST0272,PROD007,BR009,4200.0,14.32,24,202.29,2451.62,2020-10-15,2022-10-05,90-Days Late,Credit Building
LOAN0273,ACC0273,CUST0273,PROD001,BR003,44900.0,14.3,60,1051.74,38428.94,2022-06-16,2027-05-21,Current,Personal
LOAN0274,ACC0274,CUST0274,PROD001,BR005,14400.0,10.81,36,470.14,8007.51,2021-04-12,2024-03-27,Current,Personal
LOAN0275,ACC0275,CUST0275,PROD001,BR003,12300.0,13.31,48,331.87,5316.27,2022-05-14,2026-04-23,90-Days Late,Personal
LOAN0276,ACC0276,CUST0276,PROD003,BR004,20100.0,8.88,48,499.04,2169.22,2021-04-23,2025-04-02,Current,Auto Purchase
LOAN0277,ACC0277,CUST0277,PROD010,BR002,147000.0,13.87,24,7048.87,42121.48,2020-02-14,2022-02-03,Current,Investment
LOAN0278,ACC0278,CUST0278,PROD002,BR002,435200.0,5.13,360,2370.95,388586.81,2022-01-17,2051-08-13,Default,Home Purchase
LOAN0279,ACC0279,CUST0279,PROD003,BR008,40500.0,7.76,60,816.55,34985.85,2021-05-25,2026-04-29,Current,Auto Purchase
LOAN0280,ACC0280,CUST0280,PROD006,BR004,30100.0,8.81,60,622.05,21807.71,2021-04-17,2026-03-22,Current,Home Improvement
LOAN0281,ACC0281,CUST0281,PROD008,BR003,42900.0,11.71,24,2013.65,8923.09,2020-04-05,2022-03-26,Current,Small Business
LOAN0282,ACC0282,CUST0282,PROD010,BR001,90900.0,12.53,24,4301.51,31703.46,2020-09-28,2022-09-18,Current,Investment
LOAN0283,ACC0283,CUST0283,PROD007,BR005,3500.0,19.41,12,323.23,2260.52,2022-09-02,2023-08-28,Current,Credit Building
LOAN0284,ACC0284,CUST0284,PROD005,BR007,54100.0,16.65,60,1334.36,47976.44,2021-01-09,2025-12-14,Current,Business Expansion
LOAN0285,ACC0285,CUST0285,PROD009,BR004,29200.0,19.99,36,1085.03,18529.85,2022-08-18,2025-08-02,Default,Debt Consolidation
LOAN0286,ACC0286,CUST0286,PROD002,BR003,177800.0,5.66,300,1108.9,77355.89,2022-02-28,2046-10-20,60-Days Late,Home Purchase
LOAN0287,ACC0287,CUST0287,PROD009,BR003,47600.0,15.03,60,1133.15,23022.41,2021-01-19,2025-12-24,Current,Debt Consolidation
LOAN0288,ACC0288,CUST0288,PROD003,BR002,16500.0,6.06,36,502.41,9096.09,2020-09-01,2023-08-17,Current,Auto Purchase
LOAN0289,ACC0289,CUST0289,PROD006,BR009,94900.0,8.74,180,947.92,63504.06,2020-04-12,2035-01-24,Paid Off,Home Improvement
LOAN0290,ACC0290,CUST0290,PROD008,BR001,130800.0,15.06,24,6345.78,79595.02,2021-04-06,2023-03-27,30-Days Late,Small Business
LOAN0291,ACC0291,CUST0291,PROD010,BR010,163300.0,9.48,60,3428.01,118382.02,2021-10-13,2026-09-17,Current,Investment
LOAN0292,ACC0292,CUST0292,PROD002,BR003,187800.0,6.61,360,1200.64,58651.32,2021-06-05,2050-12-30,Current,Home Purchase
LOAN0293,ACC0293,CUST0293,PROD001,BR006,43600.0,9.06,24,1993.06,10888.03,2022-02-08,2024-01-29,60-Days Late,Personal
LOAN0294,ACC0294,CUST0294,PROD005,BR010,266700.0,12.21,24,12580.67,194432.89,2021-02-03,2023-01-24,Current,Business Expansion
LOAN0295,ACC0295,CUST0295,PROD004,BR004,78200.0,5.17,120,835.95,28075.62,2020-02-07,2029-12-16,Current,Education
LOAN0296,ACC0296,CUST0296,PROD010,BR010,465100.0,6.6,36,14276.03,364533.08,2020-02-12,2023-01-27,Current,Investment
LOAN0297,ACC0297,CUST0297,PROD007,BR009,3600.0,14.71,24,174.06,2771.35,2021-01-23,2023-01-13,Current,Credit Building
LOAN0298,ACC0298,CUST0298,PROD003,BR007,31400.0,9.78,48,793.07,22919.45,2023-05-09,2027-04-18,Current,Auto Purchase
LOAN0299,ACC0299,CUST0299,PROD008,BR008,76400.0,18.93,24,3848.62,44476.48,2022-01-04,2023-12-25,Current,Small Business
LOAN0300,ACC0300,CUST0300,PROD007,BR006,2900.0,15.4,12,262.3,1902.41,2020-02-26,2021-02-20,Paid Off,Credit Building
LOAN0301,ACC0301,CUST0301,PROD003,BR010,24300.0,5.96,72,402.26,3298.37,2021-03-23,2027-02-20,Current,Auto Purchase
LOAN0302,ACC0302,CUST0302,PROD010,BR007,154700.0,8.55,60,3177.64,100383.24,2020-11-11,2025-10-16,30-Days Late,Investment
LOAN0303,ACC0303,CUST0303,PROD005,BR003,36800.0,12.15,36,1224.92,23183.15,2021-06-14,2024-05-29,30-Days Late,Business Expansion
LOAN0304,ACC0304,CUST0304,PROD006,BR002,55000.0,8.12,60,1118.36,41043.24,2023-01-07,2027-12-12,Current,Home Improvement
LOAN0305,ACC0305,CUST0305,PROD009,BR004,36700.0,11.29,60,803.26,9184.66,2020-06-20,2025-05-25,Paid Off,Debt Consolidation
LOAN0306,ACC0306,CUST0306,PROD003,BR002,28600.0,7.42,36,888.59,15946.71,2022-02-01,2025-01-16,Current,Auto Purchase
LOAN0307,ACC0307,CUST0307,PROD009,BR008,49600.0,12.9,36,1668.83,37152.36,2020-07-31,2023-07-16,Current,Debt Consolidation
LOAN0308,ACC0308,CUST0308,PROD009,BR009,7600.0,13.03,48,204.0,6168.13,2020-09-30,2024-09-09,Current,Debt Consolidation
LOAN0309,ACC0309,CUST0309,PROD007,BR003,3100.0,18.97,24,156.22,1991.87,2022-06-24,2024-06-13,Default,Credit Building
LOAN0310,ACC0310,CUST0310,PROD009,BR006,39900.0,20.44,60,1066.9,13546.19,2022-04-02,2027-03-07,60-Days Late,Debt Consolidation
LOAN0311,ACC0311,CUST0311,PROD002,BR010,317700.0,4.2,300,1712.22,61959.16,2021-01-04,2045-08-26,Paid Off,Home Purchase
LOAN0312,ACC0312,CUST0312,PROD003,BR003,13800.0,6.69,60,271.24,1913.39,2020-05-10,2025-04-14,Current,Auto Purchase
LOAN0313,ACC0313,CUST0313,PROD004,BR002,26100.0,5.8,180,217.44,19747.59,2023-03-09,2037-12-20,Current,Education
LOAN0314,ACC0314,CUST0314,PROD008,BR010,72500.0,19.32,36,2669.31,44804.91,2023-04-19,2026-04-03,Current,Small Business
LOAN0315,ACC0315,CUST0315,PROD009,BR002,34300.0,15.36,36,1195.08,24869.3,2020-08-15,2023-07-31,Current,Debt Consolidation
LOAN0316,ACC0316,CUST0316,PROD007,BR007,2300.0,21.3,12,214.49,351.97,2020-01-05,2020-12-30,Current,Credit Building
LOAN0317,ACC0317,CUST0317,PROD003,BR009,26800.0,9.04,48,667.43,2767.68,2020-07-16,2024-06-25,Current,Auto Purchase
LOAN0318,ACC0318,CUST0318,PROD003,BR005,22200.0,8.94,48,551.82,15613.63,2023-01-31,2027-01-10,Current,Auto Purchase
LOAN0319,ACC0319,CUST0319,PROD003,BR007,52100.0,9.5,36,1668.92,25187.05,2020-05-02,2023-04-17,Current,Auto Purchase
LOAN0320,ACC0320,CUST0320,PROD008,BR007,140700.0,19.72,24,7141.81,132821.07,2023-02-12,2025-02-01,Default,Small Business
LOAN0321,ACC0321,CUST0321,PROD010,BR007,352900.0,13.92,24,16930.41,279628.7,2021-03-15,2023-03-05,60-Days Late,Investment
LOAN0322,ACC0322,CUST0322,PROD009,BR006,33600.0,19.57,60,882.17,8416.07,2022-04-04,2027-03-09,Current,Debt Consolidation
LOAN0323,ACC0323,CUST0323,PROD009,BR005,48400.0,10.74,36,1578.6,11218.86,2021-01-23,2024-01-08,Current,Debt Consolidation
LOAN0324,ACC0324,CUST0324,PROD004,BR010,16400.0,6.42,180,142.14,6509.63,2021-04-03,2036-01-15,60-Days Late,Education
LOAN0325,ACC0325,CUST0325,PROD002,BR009,338400.0,6.0,180,2855.61,307865.3,2022-04-11,2037-01-22,Current,Home Purchase
LOAN0326,ACC0326,CUST0326,PROD001,BR007,39000.0,15.02,36,1352.33,24943.75,2020-01-13,2022-12-28,Current,Personal
LOAN0327,ACC0327,CUST0327,PROD005,BR004,236800.0,14.83,36,8189.05,113168.02,2023-05-27,2026-05-11,Current,Business Expansion
LOAN0328,ACC0328,CUST0328,PROD009,BR002,20900.0,16.26,60,511.14,13517.36,2022-12-28,2027-12-02,Current,Debt Consolidation
LOAN0329,ACC0329,CUST0329,PROD008,BR003,112800.0,9.21,24,5164.11,47414.33,2022-03-11,2024-02-29,Default,Small Business
LOAN0330,ACC0330,CUST0330,PROD009,BR007,39400.0,16.47,48,1126.11,31717.71,2023-03-23,2027-03-02,Current,Debt Consolidation
LOAN0331,ACC0331,CUST0331,PROD005,BR010,164500.0,14.22,24,7915.23,62053.96,2021-12-04,2023-11-24,30-Days Late,Business Expansion
LOAN0332,ACC0332,CUST0332,PROD001,BR008,38200.0,16.72,24,1883.56,12525.76,2022-06-30,2024-06-19,90-Days Late,Personal
LOAN0333,ACC0333,CUST0333,PROD007,BR007,3200.0,23.87,12,302.39,1881.54,2022-06-15,2023-06-10,Current,Credit Building
LOAN0334,ACC0334,CUST0334,PROD001,BR009,40200.0,12.26,60,899.52,23126.15,2021-06-06,2026-05-11,Default,Personal
LOAN0335,ACC0335,CUST0335,PROD005,BR007,100800.0,18.49,24,5056.25,78793.87,2023-05-30,2025-05-19,Current,Business Expansion
LOAN0336,ACC0336,CUST0336,PROD008,BR004,50500.0,14.73,36,1743.93,22162.82,2021-02-26,2024-02-11,Default,Small Business
LOAN0337,ACC0337,CUST0337,PROD002,BR007,246500.0,5.61,180,2028.53,85415.55,2021-06-27,2036-04-09,30-Days Late,Home Purchase
LOAN0338,ACC0338,CUST0338,PROD009,BR007,44400.0,13.22,36,1500.72,35979.1,2020-08-30,2023-08-15,Current,Debt Consolidation
LOAN0339,ACC0339,CUST0339,PROD003,BR008,12000.0,8.1,36,376.59,9766.65,2020-02-07,2023-01-22,Current,Auto Purchase
LOAN0340,ACC0340,CUST0340,PROD005,BR006,168000.0,16.47,24,8263.58,142072.7,2023-02-13,2025-02-02,Current,Business Expansion
LOAN0341,ACC0341,CUST0341,PROD001,BR006,26700.0,14.43,36,918.13,16173.62,2023-06-21,2026-06-05,Default,Personal
LOAN0342,ACC0342,CUST0342,PROD002,BR009,273800.0,6.85,240,2098.19,62144.58,2020-01-30,2039-10-17,90-Days Late,Home Purchase
LOAN0343,ACC0343,CUST0343,PROD001,BR001,5000.0,7.98,48,122.02,3729.03,2022-03-10,2026-02-17,30-Days Late,Personal
LOAN0344,ACC0344,CUST0344,PROD010,BR006,340300.0,6.65,36,10453.11,118719.19,2022-03-04,2025-02-16,90-Days Late,Investment
LOAN0345,ACC0345,CUST0345,PROD004,BR008,78400.0,6.39,120,885.83,37749.73,2022-06-03,2032-04-11,90-Days Late,Education
LOAN0346,ACC0346,CUST0346,PROD001,BR002,28900.0,9.18,24,1322.68,5665.81,2020-03-04,2022-02-22,Current,Personal
LOAN0347,ACC0347,CUST0347,PROD002,BR001,215500.0,6.65,300,1475.33,45642.4,2021-05-31,2046-01-20,Current,Home Purchase
LOAN0348,ACC0348,CUST0348,PROD008,BR005,103100.0,20.93,36,3880.59,24755.29,2022-02-05,2025-01-20,Current,Small Business
LOAN0349,ACC0349,CUST0349,PROD003,BR002,26200.0,7.74,72,456.05,5669.36,2022-09-05,2028-08-04,90-Days Late,Auto Purchase
LOAN0350,ACC0350,CUST0350,PROD003,BR003,16200.0,5.55,48,377.12,14451.85,2021-03-17,2025-02-24,Current,Auto Purchase
LOAN0351,ACC0351,CUST0351,PROD001,BR005,27500.0,12.5,60,618.69,15400.17,2021-09-13,2026-08-18,Current,Personal
LOAN0352,ACC0352,CUST0352,PROD010,BR004,320400.0,9.24,24,14672.7,177572.38,2021-04-19,2023-04-09,Current,Investment
LOAN0353,ACC0353,CUST0353,PROD002,BR003,243700.0,6.06,240,1754.39,58802.5,2020-07-27,2040-04-13,Paid Off,Home Purchase
LOAN0354,ACC0354,CUST0354,PROD001,BR001,38300.0,11.6,36,1264.8,34123.02,2020-07-06,2023-06-21,60-Days Late,Personal
LOAN0355,ACC0355,CUST0355,PROD008,BR004,139200.0,17.0,36,4962.86,32502.5,2022-10-10,2025-09-24,Current,Small Business
LOAN0356,ACC0356,CUST0356,PROD009,BR004,32800.0,15.83,60,794.67,18729.53,2021-10-19,2026-09-23,30-Days Late,Debt Consolidation
LOAN0357,ACC0357,CUST0357,PROD005,BR003,212300.0,11.81,60,4702.14,39528.71,2021-10-02,2026-09-06,Current,Business Expansion
LOAN0358,ACC0358,CUST0358,PROD008,BR006,96100.0,14.61,24,4641.78,84452.81,2021-11-19,2023-11-09,30-Days Late,Small Business
LOAN0359,ACC0359,CUST0359,PROD006,BR005,127900.0,6.63,120,1460.75,42060.97,2021-09-21,2031-07-31,Current,Home Improvement
LOAN0360,ACC0360,CUST0360,PROD004,BR006,62900.0,5.18,180,503.33,12285.3,2021-08-28,2036-06-10,Current,Education
LOAN0361,ACC0361,CUST0361,PROD006,BR010,74100.0,8.38,180,724.49,19971.65,2022-07-29,2037-05-11,Paid Off,Home Improvement
LOAN0362,ACC0362,CUST0362,PROD004,BR001,30000.0,5.81,180,250.09,8667.26,2020-03-03,2034-12-15,Current,Education
LOAN0363,ACC0363,CUST0363,PROD002,BR002,444200.0,4.54,240,2819.83,397953.55,2022-05-24,2042-02-08,Current,Home Purchase
LOAN0364,ACC0364,CUST0364,PROD003,BR009,13400.0,10.66,72,252.73,6752.73,2023-01-17,2028-12-16,Default,Auto Purchase
LOAN0365,ACC0365,CUST0365,PROD007,BR003,1900.0,14.62,12,171.15,908.95,2020-09-07,2021-09-02,Current,Credit Building
LOAN0366,ACC0366,CUST0366,PROD004,BR006,59700.0,5.79,180,497.03,11122.0,2020-04-12,2035-01-24,Current,Education
LOAN0367,ACC0367,CUST0367,PROD007,BR008,1300.0,16.76,24,64.13,226.82,2022-10-13,2024-10-02,60-Days Late,Credit Building
LOAN0368,ACC0368,CUST0368,PROD003,BR010,50500.0,9.33,36,1613.65,14685.97,2021-09-27,2024-09-11,Current,Auto Purchase
LOAN0369,ACC0369,CUST0369,PROD010,BR010,165600.0,9.66,36,5317.05,153332.1,2021-06-20,2024-06-04,30-Days Late,Investment
LOAN0370,ACC0370,CUST0370,PROD010,BR010,405600.0,12.29,24,19147.98,224064.02,2020-04-08,2022-03-29,Current,Investment
LOAN0371,ACC0371,CUST0371,PROD010,BR001,289100.0,8.47,60,5927.15,69143.17,2021-11-28,2026-11-02,Current,Investment
LOAN0372,ACC0372,CUST0372,PROD007,BR009,1800.0,16.85,24,88.87,603.71,2022-03-09,2024-02-27,90-Days Late,Credit Building
LOAN0373,ACC0373,CUST0373,PROD005,BR010,231500.0,17.91,60,5867.25,165653.89,2023-06-13,2028-05-17,Current,Business Expansion
LOAN0374,ACC0374,CUST0374,PROD009,BR006,42100.0,19.64,48,1273.06,16682.13,2023-03-15,2027-02-22,Paid Off,Debt Consolidation
LOAN0375,ACC0375,CUST0375,PROD002,BR010,125700.0,4.24,360,617.63,62013.67,2023-04-10,2052-11-03,30-Days Late,Home Purchase
LOAN0376,ACC0376,CUST0376,PROD002,BR003,249600.0,5.48,360,1414.07,123003.82,2020-06-16,2050-01-10,90-Days Late,Home Purchase
LOAN0377,ACC0377,CUST0377,PROD009,BR005,46200.0,12.49,48,1227.77,35639.67,2020-07-21,2024-06-30,Current,Debt Consolidation
LOAN0378,ACC0378,CUST0378,PROD008,BR003,83200.0,13.89,24,3990.35,21206.97,2020-06-18,2022-06-08,Current,Small Business
LOAN0379,ACC0379,CUST0379,PROD009,BR009,20400.0,14.45,60,479.44,15484.75,2020-08-21,2025-07-26,30-Days Late,Debt Consolidation
LOAN0380,ACC0380,CUST0380,PROD008,BR009,21200.0,20.82,36,796.75,2324.64,2023-03-26,2026-03-10,60-Days Late,Small Business
LOAN0381,ACC0381,CUST0381,PROD010,BR010,333600.0,7.9,24,15072.61,166069.01,2022-06-30,2024-06-19,Current,Investment
LOAN0382,ACC0382,CUST0382,PROD009,BR007,46600.0,16.17,36,1642.23,8202.33,2022-02-04,2025-01-19,Current,Debt Consolidation
LOAN0383,ACC0383,CUST0383,PROD009,BR009,38800.0,18.1,48,1141.78,29235.1,2020-01-25,2024-01-04,Current,Debt Consolidation
LOAN0384,ACC0384,CUST0384,PROD007,BR001,3900.0,15.2,12,352.38,654.6,2023-04-12,2024-04-06,Default,Credit Building
LOAN0385,ACC0385,CUST0385,PROD003,BR010,59200.0,7.5,60,1186.25,12021.93,2021-12-16,2026-11-20,Current,Auto Purchase
LOAN0386,ACC0386,CUST0386,PROD001,BR009,19800.0,13.06,24,941.89,14050.12,2022-10-25,2024-10-14,Current,Personal
LOAN0387,ACC0387,CUST0387,PROD003,BR005,20600.0,8.5,72,366.23,17920.15,2020-05-22,2026-04-21,90-Days Late,Auto Purchase
LOAN0388,ACC0388,CUST0388,PROD009,BR008,14300.0,18.14,36,517.98,2388.61,2022-06-19,2025-06-03,Current,Debt Consolidation
LOAN0389,ACC0389,CUST0389,PROD010,BR007,305800.0,8.26,24,13866.8,46267.72,2023-06-21,2025-06-10,Current,Investment
LOAN0390,ACC0390,CUST0390,PROD006,BR007,36300.0,7.83,120,437.17,24168.91,2022-07-11,2032-05-19,Current,Home Improvement
LOAN0391,ACC0391,CUST0391,PROD007,BR007,1600.0,18.82,12,147.31,631.54,2022-01-01,2022-12-27,Current,Credit Building
LOAN0392,ACC0392,CUST0392,PROD005,BR004,133000.0,15.47,24,6478.46,108071.98,2020-10-01,2022-09-21,Current,Business Expansion
LOAN0393,ACC0393,CUST0393,PROD003,BR008,11400.0,6.53,72,191.8,5111.54,2022-02-13,2028-01-13,Current,Auto Purchase
LOAN0394,ACC0394,CUST0394,PROD003,BR009,14100.0,10.75,60,304.81,11201.75,2020-05-20,2025-04-24,Current,Auto Purchase
LOAN0395,ACC0395,CUST0395,PROD002,BR010,599600.0,5.23,300,3586.02,230574.86,2021-02-23,2045-10-15,30-Days Late,Home Purchase
LOAN0396,ACC0396,CUST0396,PROD005,BR007,252800.0,8.47,36,7976.76,33332.29,2020-09-11,2023-08-27,Current,Business Expansion
LOAN0397,ACC0397,CUST0397,PROD003,BR008,59000.0,5.55,48,1373.48,26947.88,2022-09-23,2026-09-02,Paid Off,Auto Purchase
LOAN0398,ACC0398,CUST0398,PROD009,BR002,16800.0,12.45,48,446.13,3337.33,2022-07-17,2026-06-26,Current,Debt Consolidation
LOAN0399,ACC0399,CUST0399,PROD006,BR004,186800.0,7.64,180,1746.55,85111.82,2020-04-01,2035-01-13,60-Days Late,Home Improvement
LOAN0400,ACC0400,CUST0400,PROD010,BR001,306400.0,7.95,60,6205.36,275058.9,2021-07-23,2026-06-27,90-Days Late,Investment
LOAN0401,ACC0401,CUST0401,PROD006,BR006,40100.0,8.06,120,487.8,29526.6,2023-01-06,2032-11-14,Default,Home Improvement
LOAN0402,ACC0402,CUST0402,PROD002,BR008,232900.0,4.41,360,1167.65,213307.8,2023-02-06,2052-09-01,90-Days Late,Home Purchase
LOAN0403,ACC0403,CUST0403,PROD007,BR005,4000.0,21.58,12,373.57,1437.23,2021-02-19,2022-02-14,Current,Credit Building
LOAN0404,ACC0404,CUST0404,PROD009,BR002,27800.0,11.84,48,729.9,18184.39,2022-06-26,2026-06-05,Current,Debt Consolidation
LOAN0405,ACC0405,CUST0405,PROD004,BR004,35400.0,6.71,120,405.75,28496.65,2020-01-29,2029-12-07,60-Days Late,Education
LOAN0406,ACC0406,CUST0406,PROD010,BR001,330200.0,7.45,36,10263.69,176905.78,2021-01-30,2024-01-15,Current,Investment
LOAN0407,ACC0407,CUST0407,PROD001,BR003,29500.0,11.62,48,771.36,22697.17,2021-06-25,2025-06-04,Paid Off,Personal
LOAN0408,ACC0408,CUST0408,PROD002,BR003,531200.0,4.52,180,4069.08,68855.57,2023-06-05,2038-03-18,Current,Home Purchase
LOAN0409,ACC0409,CUST0409,PROD003,BR001,23400.0,7.32,36,725.95,16407.72,2020-04-25,2023-04-10,30-Days Late,Auto Purchase
LOAN0410,ACC0410,CUST0410,PROD005,BR002,180400.0,9.76,36,5800.69,146874.53,2021-05-06,2024-04-20,Current,Business Expansion
LOAN0411,ACC0411,CUST0411,PROD008,BR010,53300.0,20.93,24,2737.02,39338.33,2020-10-22,2022-10-12,Current,Small Business
LOAN0412,ACC0412,CUST0412,PROD010,BR009,263600.0,12.75,36,8850.02,117524.15,2023-03-22,2026-03-06,Current,Investment
LOAN0413,ACC0413,CUST0413,PROD008,BR005,121100.0,11.32,24,5662.22,97791.21,2021-06-26,2023-06-16,30-Days Late,Small Business
LOAN0414,ACC0414,CUST0414,PROD003,BR007,15000.0,8.97,36,476.79,3953.34,2020-03-13,2023-02-26,Current,Auto Purchase
LOAN0415,ACC0415,CUST0415,PROD007,BR004,700.0,14.12,24,33.65,483.2,2022-07-07,2024-06-26,Paid Off,Credit Building
LOAN0416,ACC0416,CUST0416,PROD003,BR001,11600.0,7.68,48,281.45,9967.57,2022-03-11,2026-02-18,Current,Auto Purchase
LOAN0417,ACC0417,CUST0417,PROD010,BR006,138500.0,14.55,60,3262.28,15024.47,2020-03-04,2025-02-06,30-Days Late,Investment
LOAN0418,ACC0418,CUST0418,PROD001,BR001,9300.0,10.03,48,236.01,8563.83,2023-02-27,2027-02-06,Current,Personal
LOAN0419,ACC0419,CUST0419,PROD010,BR008,90300.0,12.82,24,4285.4,22206.16,2022-07-13,2024-07-02,Current,Investment
LOAN0420,ACC0420,CUST0420,PROD007,BR010,700.0,19.04,12,64.52,364.89,2022-03-09,2023-03-04,Current,Credit Building
LOAN0421,ACC0421,CUST0421,PROD005,BR006,264300.0,15.81,36,9267.23,204434.76,2022-04-14,2025-03-29,Current,Business Expansion
LOAN0422,ACC0422,CUST0422,PROD003,BR009,50400.0,11.77,72,979.31,24523.12,2020-01-13,2025-12-12,Current,Auto Purchase
LOAN0423,ACC0423,CUST0423,PROD003,BR004,48000.0,7.41,48,1158.57,19510.27,2021-01-11,2024-12-21,Current,Auto Purchase
LOAN0424,ACC0424,CUST0424,PROD003,BR006,19100.0,11.42,60,419.29,4214.01,2020-06-17,2025-05-22,Paid Off,Auto Purchase
LOAN0425,ACC0425,CUST0425,PROD001,BR010,17200.0,15.22,60,411.18,14633.87,2022-08-29,2027-08-03,Current,Personal
LOAN0426,ACC0426,CUST0426,PROD003,BR007,42100.0,7.8,36,1315.38,37237.74,2021-04-05,2024-03-20,Current,Auto Purchase
LOAN0427,ACC0427,CUST0427,PROD008,BR010,124600.0,18.0,24,6220.54,41092.6,2020-10-01,2022-09-21,60-Days Late,Small Business
LOAN0428,ACC0428,CUST0428,PROD010,BR009,207800.0,9.71,24,9561.13,39555.88,2020-08-04,2022-07-25,Current,Investment
LOAN0429,ACC0429,CUST0429,PROD009,BR010,46500.0,10.54,48,1191.46,39465.29,2023-01-11,2026-12-21,60-Days Late,Debt Consolidation
LOAN0430,ACC0430,CUST0430,PROD010,BR009,448200.0,8.64,60,9225.78,346229.64,2022-05-26,2027-04-30,Current,Investment
LOAN0431,ACC0431,CUST0431,PROD007,BR003,1500.0,17.76,12,137.35,787.75,2020-01-20,2021-01-14,Current,Credit Building
LOAN0432,ACC0432,CUST0432,PROD001,BR009,38700.0,12.06,24,1822.83,7473.17,2023-03-02,2025-02-19,Current,Personal
LOAN0433,ACC0433,CUST0433,PROD010,BR003,88600.0,9.03,24,4048.89,51883.14,2022-04-06,2024-03-26,Current,Investment
LOAN0434,ACC0434,CUST0434,PROD004,BR007,50600.0,6.61,60,992.66,38841.05,2021-02-08,2026-01-13,Current,Education
LOAN0435,ACC0435,CUST0435,PROD005,BR009,145200.0,12.94,24,6898.98,33985.84,2022-10-29,2024-10-18,Paid Off,Business Expansion
LOAN0436,ACC0436,CUST0436,PROD007,BR006,1700.0,15.86,12,154.13,265.25,2020-12-10,2021-12-05,60-Days Late,Credit Building
LOAN0437,ACC0437,CUST0437,PROD008,BR003,131300.0,13.49,36,4455.07,111191.65,2020-01-04,2022-12-19,Current,Small Business
LOAN0438,ACC0438,CUST0438,PROD001,BR001,29700.0,11.42,48,773.68,14417.02,2022-04-05,2026-03-15,30-Days Late,Personal
LOAN0439,ACC0439,CUST0439,PROD001,BR009,28400.0,15.49,24,1383.64,8926.24,2020-09-05,2022-08-26,Current,Personal
LOAN0440,ACC0440,CUST0440,PROD010,BR002,223000.0,12.82,60,5053.41,177806.82,2020-11-07,2025-10-12,Current,Investment
LOAN0441,ACC0441,CUST0441,PROD008,BR010,104300.0,20.81,36,3919.34,14395.49,2023-06-19,2026-06-03,90-Days Late,Small Business
LOAN0442,ACC0442,CUST0442,PROD006,BR005,117800.0,8.5,60,2416.85,54361.02,2023-01-26,2027-12-31,Current,Home Improvement
LOAN0443,ACC0443,CUST0443,PROD001,BR001,6000.0,13.71,48,163.09,1870.11,2021-03-24,2025-03-03,Current,Personal
LOAN0444,ACC0444,CUST0444,PROD004,BR008,11200.0,4.52,60,208.9,2000.29,2021-10-13,2026-09-17,30-Days Late,Education
LOAN0445,ACC0445,CUST0445,PROD005,BR006,162800.0,16.35,36,5751.74,150893.08,2020-11-03,2023-10-19,Current,Business Expansion
LOAN0446,ACC0446,CUST0446,PROD001,BR002,21300.0,10.87,36,696.02,9605.06,2021-07-22,2024-07-06,Current,Personal
LOAN0447,ACC0447,CUST0447,PROD010,BR010,318800.0,8.88,60,6599.21,265798.12,2021-07-13,2026-06-17,Current,Investment
LOAN0448,ACC0448,CUST0448,PROD001,BR002,7600.0,8.93,24,346.96,5322.96,2020-10-12,2022-10-02,Current,Personal
LOAN0449,ACC0449,CUST0449,PROD009,BR003,46400.0,16.94,60,1151.66,28164.52,2022-07-03,2027-06-07,Paid Off,Debt Consolidation
LOAN0450,ACC0450,CUST0450,PROD003,BR007,17000.0,8.95,36,540.2,5487.06,2022-10-14,2025-09-28,Current,Auto Purchase
LOAN0451,ACC0451,CUST0451,PROD004,BR006,52800.0,4.84,120,555.91,47962.45,2020-11-23,2030-10-02,Paid Off,Education
LOAN0452,ACC0452,CUST0452,PROD001,BR001,18300.0,9.16,24,837.37,16613.75,2023-02-20,2025-02-09,Current,Personal
LOAN0453,ACC0453,CUST0453,PROD009,BR002,35900.0,20.2,60,955.13,27584.0,2020-12-27,2025-12-01,Current,Debt Consolidation
LOAN0454,ACC0454,CUST0454,PROD001,BR005,35000.0,16.78,24,1726.78,5309.76,2020-03-05,2022-02-23,Current,Personal
LOAN0455,ACC0455,CUST0455,PROD005,BR007,137300.0,8.59,24,6246.72,42007.97,2023-02-24,2025-02-13,Current,Business Expansion
LOAN0456,ACC0456,CUST0456,PROD002,BR003,200300.0,6.6,360,1279.23,79763.54,2020-05-20,2049-12-14,30-Days Late,Home Purchase
LOAN0457,ACC0457,CUST0457,PROD005,BR009,221700.0,8.13,60,4509.08,104186.2,2022-05-29,2027-05-03,Paid Off,Business Expansion
LOAN0458,ACC0458,CUST0458,PROD005,BR005,130000.0,8.51,36,4104.38,111768.62,2020-12-29,2023-12-14,Current,Business Expansion
LOAN0459,ACC0459,CUST0459,PROD004,BR005,33700.0,7.39,60,673.52,5893.99,2023-06-27,2028-05-31,Current,Education
LOAN0460,ACC0460,CUST0460,PROD004,BR005,41900.0,4.69,60,784.77,24075.07,2021-12-17,2026-11-21,Current,Education
LOAN0461,ACC0461,CUST0461,PROD007,BR009,1300.0,23.31,12,122.49,1042.79,2020-09-15,2021-09-10,Current,Credit Building
LOAN0462,ACC0462,CUST0462,PROD008,BR001,81300.0,19.59,36,3004.44,72527.73,2021-12-20,2024-12-04,Paid Off,Small Business
LOAN0463,ACC0463,CUST0463,PROD003,BR005,59200.0,11.72,72,1148.77,48807.8,2022-04-17,2028-03-16,Default,Auto Purchase
LOAN0464,ACC0464,CUST0464,PROD005,BR010,105700.0,13.14,24,5032.12,62516.68,2020-11-22,2022-11-12,Current,Business Expansion
LOAN0465,ACC0465,CUST0465,PROD001,BR007,48900.0,8.63,48,1208.31,28400.22,2022-10-22,2026-10-01,Paid Off,Personal
LOAN0466,ACC0466,CUST0466,PROD003,BR004,25700.0,7.27,48,618.64,3741.93,2021-09-21,2025-08-31,Default,Auto Purchase
LOAN0467,ACC0467,CUST0467,PROD007,BR009,1200.0,15.09,12,108.36,926.44,2021-11-19,2022-11-14,Current,Credit Building
LOAN0468,ACC0468,CUST0468,PROD006,BR003,84200.0,7.64,60,1692.8,77835.5,2020-02-05,2025-01-09,Current,Home Improvement
LOAN0469,ACC0469,CUST0469,PROD005,BR002,235800.0,9.11,60,4907.42,122403.54,2023-06-08,2028-05-12,Current,Business Expansion
LOAN0470,ACC0470,CUST0470,PROD009,BR003,25900.0,9.53,60,544.33,7730.54,2022-05-28,2027-05-02,30-Days Late,Debt Consolidation
LOAN0471,ACC0471,CUST0471,PROD005,BR009,265500.0,13.53,24,12688.55,145759.45,2020-05-12,2022-05-02,Default,Business Expansion
LOAN0472,ACC0472,CUST0472,PROD009,BR001,49700.0,14.12,36,1701.53,40740.63,2021-12-12,2024-11-26,Paid Off,Debt Consolidation
LOAN0473,ACC0473,CUST0473,PROD003,BR002,18000.0,11.21,60,393.25,11844.63,2021-02-05,2026-01-10,Default,Auto Purchase
LOAN0474,ACC0474,CUST0474,PROD003,BR004,53200.0,6.27,72,888.47,19381.4,2020-04-14,2026-03-14,Current,Auto Purchase
LOAN0475,ACC0475,CUST0475,PROD001,BR004,27400.0,8.54,60,562.68,25737.81,2020-04-18,2025-03-23,Current,Personal
LOAN0476,ACC0476,CUST0476,PROD004,BR002,49600.0,6.02,180,419.09,30441.12,2023-06-29,2038-04-11,Current,Education
LOAN0477,ACC0477,CUST0477,PROD005,BR001,283000.0,10.31,36,9172.86,86200.83,2020-08-27,2023-08-12,Current,Business Expansion
LOAN0478,ACC0478,CUST0478,PROD002,BR010,511300.0,6.16,360,3118.29,390414.95,2020-04-03,2049-10-28,30-Days Late,Home Purchase
LOAN0479,ACC0479,CUST0479,PROD007,BR003,3900.0,23.31,12,367.48,1246.5,2022-11-05,2023-10-31,Current,Credit Building
LOAN0480,ACC0480,CUST0480,PROD008,BR009,56000.0,13.56,24,2677.1,9267.17,2020-09-03,2022-08-24,Current,Small Business
LOAN0481,ACC0481,CUST0481,PROD006,BR009,49800.0,6.18,120,557.39,28604.87,2020-12-06,2030-10-15,Default,Home Improvement
LOAN0482,ACC0482,CUST0482,PROD009,BR001,26200.0,18.39,60,670.88,18544.36,2020-04-25,2025-03-30,Paid Off,Debt Consolidation
LOAN0483,ACC0483,CUST0483,PROD002,BR007,113700.0,5.94,180,955.78,56791.38,2023-06-14,2038-03-27,Current,Home Purchase
LOAN0484,ACC0484,CUST0484,PROD004,BR010,70900.0,6.14,120,792.13,36084.8,2021-05-29,2031-04-07,Current,Education
LOAN0485,ACC0485,CUST0485,PROD008,BR006,127300.0,9.5,36,4077.79,106142.42,2023-02-20,2026-02-04,Current,Small Business
LOAN0486,ACC0486,CUST0486,PROD005,BR009,29100.0,15.95,60,706.88,22311.59,2022-01-20,2026-12-25,Paid Off,Business Expansion
LOAN0487,ACC0487,CUST0487,PROD001,BR001,12600.0,10.17,48,320.6,9810.89,2021-02-01,2025-01-11,Default,Personal
LOAN0488,ACC0488,CUST0488,PROD003,BR003,58500.0,6.29,36,1787.38,35807.56,2022-02-26,2025-02-10,Current,Auto Purchase
LOAN0489,ACC0489,CUST0489,PROD008,BR005,65800.0,14.9,36,2277.76,44737.7,2022-06-25,2025-06-09,Current,Small Business
LOAN0490,ACC0490,CUST0490,PROD002,BR004,389000.0,6.85,300,2712.26,68474.22,2020-10-17,2045-06-08,Current,Home Purchase
LOAN0491,ACC0491,CUST0491,PROD007,BR005,4200.0,17.85,12,384.76,3732.04,2022-09-10,2023-09-05,Current,Credit Building
LOAN0492,ACC0492,CUST0492,PROD009,BR005,45200.0,11.28,36,1485.79,28340.51,2020-08-18,2023-08-03,Current,Debt Consolidation
LOAN0493,ACC0493,CUST0493,PROD005,BR009,260200.0,13.54,24,12436.48,28280.11,2020-02-18,2022-02-07,60-Days Late,Business Expansion
LOAN0494,ACC0494,CUST0494,PROD010,BR002,416300.0,9.16,24,19049.13,93774.11,2020-04-05,2022-03-26,Current,Investment
LOAN0495,ACC0495,CUST0495,PROD008,BR006,116900.0,17.93,36,4222.11,51861.27,2021-08-18,2024-08-02,Current,Small Business
LOAN0496,ACC0496,CUST0496,PROD010,BR006,154700.0,11.12,24,7218.85,58317.86,2020-01-07,2021-12-27,Paid Off,Investment
LOAN0497,ACC0497,CUST0497,PROD005,BR008,140700.0,16.46,24,6920.07,74532.97,2022-10-01,2024-09-20,90-Days Late,Business Expansion
LOAN0498,ACC0498,CUST0498,PROD002,BR006,336200.0,5.51,300,2066.57,72717.83,2020-08-15,2045-04-06,Paid Off,Home Purchase
LOAN0499,ACC0499,CUST0499,PROD008,BR006,123000.0,10.67,36,4007.67,64339.82,2023-02-26,2026-02-10,Current,Small Business
LOAN0500,ACC0500,CUST0500,PROD003,BR007,52700.0,9.66,72,967.3,15442.17,2020-11-25,2026-10-25,Current,Auto Purchase
