AccountID,CreditScore,AnnualIncome,LoanAmount,LoanPurpose,EmploymentYears,EmploymentType,DebtToIncomeRatio,NumOpenAccounts,NumDelinquencies,MonthsSinceLastDelinquency,HomeOwnership,LoanTermMonths,IsDefault
ACC0001,713,107573.11,60344.47,Business,15,Part-time,0.582,5,1,67,Own,60,0
ACC0002,731,186111.89,59252.31,Education,24,Part-time,0.157,11,0,999,Mortgage,12,0
ACC0003,841,175796.83,9692.42,Education,25,Full-time,0.239,1,1,26,Mortgage,60,0
ACC0004,831,227055.72,60945.4,Home Improvement,22,Part-time,0.201,15,0,999,Other,60,0
ACC0005,481,237099.44,66369.67,Home Improvement,7,Full-time,0.17,11,1,10,Other,84,1
ACC0006,617,161999.9,38725.09,Auto,33,Contract,0.191,13,0,999,Rent,48,0
ACC0007,713,209780.78,13508.74,Other,3,Part-time,0.567,12,0,999,Other,12,1
ACC0008,447,88073.98,99121.04,Medical,9,Part-time,0.666,6,2,102,Rent,36,1
ACC0009,670,62768.95,8166.55,Personal,0,Retired,0.633,6,0,999,Other,48,1
ACC0010,708,108766.2,81555.17,Debt Consolidation,11,Full-time,0.696,12,1,98,Other,24,0
ACC0011,531,170273.64,31754.99,Education,13,Part-time,0.318,8,0,999,Other,48,0
ACC0012,562,36025.63,30009.95,Education,30,Retired,0.139,15,0,999,Other,36,0
ACC0013,463,84926.9,68146.0,Other,12,Contract,0.286,4,1,0,Mortgage,84,1
ACC0014,497,225005.66,67113.87,Personal,26,Part-time,0.336,14,1,84,Other,12,1
ACC0015,844,66574.52,52687.91,Auto,32,Contract,0.703,5,1,59,Mortgage,24,0
ACC0016,407,205466.64,8481.58,Home Improvement,3,Contract,0.26,9,0,999,Rent,12,0
ACC0017,704,111642.7,18053.04,Other,21,Part-time,0.665,15,2,111,Other,48,0
ACC0018,483,102763.01,21553.54,Other,24,Part-time,0.629,15,2,73,Other,84,1
ACC0019,376,142282.62,99721.27,Home Improvement,7,Self-employed,0.607,2,1,83,Own,60,0
ACC0020,581,165706.73,58711.49,Medical,16,Part-time,0.145,15,0,999,Other,12,1
ACC0021,823,72889.85,75796.38,Auto,28,Full-time,0.537,7,0,999,Rent,12,0
ACC0022,579,83362.91,37151.7,Business,35,Part-time,0.541,11,3,10,Own,84,1
ACC0023,440,54545.45,9564.34,Medical,10,Self-employed,0.66,12,0,999,Rent,36,0
ACC0024,650,206168.46,44177.52,Personal,11,Full-time,0.153,11,3,93,Own,24,0
ACC0025,399,200035.71,98998.16,Other,5,Part-time,0.663,14,0,999,Other,36,1
ACC0026,346,154399.12,3017.64,Auto,8,Full-time,0.667,13,3,37,Mortgage,12,1
ACC0027,374,29267.78,17231.5,Education,21,Self-employed,0.614,1,1,104,Mortgage,60,1
ACC0028,454,179535.22,2835.6,Personal,25,Contract,0.409,15,0,999,Rent,60,0
ACC0029,355,68797.47,65132.8,Auto,6,Contract,0.053,1,0,999,Rent,24,0
ACC0030,362,247516.42,26205.29,Medical,9,Full-time,0.703,1,3,50,Other,12,1
ACC0031,538,98503.19,14076.74,Debt Consolidation,23,Retired,0.162,12,2,26,Own,48,1
ACC0032,477,50961.18,74077.06,Business,11,Self-employed,0.167,9,3,117,Own,24,1
ACC0033,532,178032.44,42678.72,Debt Consolidation,15,Self-employed,0.277,10,1,63,Rent,12,0
ACC0034,330,236960.16,44239.02,Education,12,Full-time,0.514,3,0,999,Mortgage,12,1
ACC0035,602,65135.2,37089.45,Auto,22,Contract,0.15,5,3,33,Rent,48,1
ACC0036,327,101638.34,14972.5,Debt Consolidation,24,Full-time,0.301,6,1,31,Rent,12,1
ACC0037,480,68731.9,35012.47,Personal,4,Full-time,0.354,11,1,10,Mortgage,48,0
ACC0038,684,196565.09,90526.5,Personal,20,Self-employed,0.616,5,3,31,Own,12,1
ACC0039,633,162811.34,27827.14,Personal,15,Part-time,0.36,8,3,2,Mortgage,12,0
ACC0040,424,189672.73,28947.55,Other,27,Self-employed,0.407,4,3,118,Own,36,1
ACC0041,513,35667.9,92602.94,Other,31,Self-employed,0.747,2,0,999,Own,60,1
ACC0042,432,218363.74,20044.89,Home Improvement,1,Full-time,0.61,4,0,999,Own,12,0
ACC0043,593,62126.15,14348.77,Personal,11,Contract,0.123,14,0,999,Other,48,0
ACC0044,379,81865.37,53112.3,Personal,10,Self-employed,0.559,1,0,999,Mortgage,48,1
ACC0045,597,157478.8,22533.12,Personal,28,Self-employed,0.4,11,0,999,Other,36,1
ACC0046,637,137390.62,80395.47,Business,22,Retired,0.411,4,3,55,Rent,60,1
ACC0047,709,153565.63,9152.54,Medical,5,Contract,0.371,2,0,999,Rent,12,0
ACC0048,605,64083.4,15513.32,Personal,19,Part-time,0.628,11,0,999,Own,60,1
ACC0049,325,242113.55,22583.56,Medical,21,Retired,0.08,11,0,999,Other,60,0
ACC0050,523,100064.66,5258.65,Education,35,Part-time,0.646,13,3,77,Other,84,1
ACC0051,467,158859.36,56180.92,Personal,1,Full-time,0.474,6,0,999,Rent,48,1
ACC0052,846,93499.74,67687.6,Personal,23,Part-time,0.437,12,0,999,Mortgage,12,0
ACC0053,651,117436.22,63935.49,Home Improvement,11,Full-time,0.382,7,3,69,Other,36,0
ACC0054,686,79561.8,91930.07,Education,8,Full-time,0.233,2,0,999,Mortgage,48,0
ACC0055,542,156529.12,60837.17,Personal,17,Contract,0.677,3,0,999,Mortgage,84,0
ACC0056,327,146065.71,53969.32,Auto,15,Contract,0.417,3,0,999,Mortgage,48,0
ACC0057,394,212655.07,35216.56,Other,14,Contract,0.506,8,0,999,Rent,60,0
ACC0058,429,124358.98,79407.1,Education,35,Part-time,0.726,15,1,99,Own,12,1
ACC0059,521,186592.18,93283.63,Other,12,Retired,0.583,8,0,999,Rent,84,1
ACC0060,525,55802.52,64391.48,Auto,8,Retired,0.37,14,0,999,Own,36,1
ACC0061,333,177900.46,57388.27,Education,31,Part-time,0.249,6,0,999,Own,36,0
ACC0062,681,143342.3,20888.3,Medical,16,Part-time,0.409,8,0,999,Other,84,0
ACC0063,566,240346.0,31028.83,Home Improvement,35,Part-time,0.589,1,0,999,Rent,24,0
ACC0064,318,56666.92,86296.79,Personal,16,Self-employed,0.325,7,0,999,Mortgage,36,0
ACC0065,306,55825.07,46902.24,Personal,30,Self-employed,0.562,3,1,72,Rent,84,1
ACC0066,815,111756.61,67142.22,Auto,29,Part-time,0.4,13,1,42,Other,60,0
ACC0067,520,181929.03,9859.86,Business,24,Part-time,0.73,12,1,29,Mortgage,12,1
ACC0068,357,39816.12,47601.58,Business,16,Contract,0.287,1,0,999,Other,60,0
ACC0069,744,93382.8,73935.11,Auto,9,Contract,0.448,12,0,999,Other,48,0
ACC0070,765,177924.87,49231.8,Personal,34,Contract,0.48,13,0,999,Other,12,0
ACC0071,765,64334.76,35199.13,Home Improvement,24,Contract,0.672,6,0,999,Rent,24,0
ACC0072,424,234566.4,55232.27,Home Improvement,7,Part-time,0.462,4,0,999,Rent,36,1
ACC0073,361,240380.68,76932.8,Home Improvement,12,Part-time,0.708,4,0,999,Own,24,1
ACC0074,787,101063.6,37308.19,Education,15,Self-employed,0.062,8,0,999,Rent,60,0
ACC0075,518,203637.63,40593.53,Personal,23,Self-employed,0.18,11,2,42,Mortgage,84,1
ACC0076,806,23350.13,3839.49,Debt Consolidation,21,Full-time,0.737,1,1,91,Mortgage,84,0
ACC0077,303,60230.19,36535.31,Education,17,Self-employed,0.692,15,0,999,Other,24,1
ACC0078,536,173025.78,83682.67,Debt Consolidation,5,Contract,0.1,2,0,999,Own,36,1
ACC0079,628,244692.9,85962.89,Home Improvement,8,Retired,0.226,9,1,21,Own,36,0
ACC0080,686,81771.25,73782.19,Auto,10,Retired,0.599,11,0,999,Own,24,1
ACC0081,662,127941.26,6912.78,Personal,22,Retired,0.231,6,0,999,Own,24,0
ACC0082,415,209719.74,9307.65,Auto,0,Retired,0.53,6,2,49,Mortgage,24,0
ACC0083,538,69374.65,43383.21,Other,17,Contract,0.724,15,0,999,Other,24,0
ACC0084,588,139273.62,71773.09,Education,29,Part-time,0.12,12,0,999,Rent,12,0
ACC0085,578,218207.78,44299.39,Debt Consolidation,5,Part-time,0.061,2,0,999,Own,12,1
ACC0086,575,203353.74,82010.34,Education,11,Contract,0.32,1,1,23,Other,24,0
ACC0087,628,232370.72,36092.86,Personal,19,Retired,0.08,4,0,999,Own,60,0
ACC0088,541,160812.21,11960.91,Medical,13,Full-time,0.074,8,0,999,Rent,24,1
ACC0089,736,213929.56,59209.06,Personal,5,Part-time,0.196,9,3,2,Other,84,0
ACC0090,577,191138.99,97211.32,Other,8,Retired,0.589,8,3,44,Other,24,0
ACC0091,411,222130.14,7766.13,Debt Consolidation,10,Retired,0.215,14,3,16,Other,84,1
ACC0092,316,84869.58,19392.92,Education,3,Full-time,0.47,13,3,95,Mortgage,36,1
ACC0093,458,164935.84,48751.49,Other,10,Self-employed,0.311,4,0,999,Mortgage,36,1
ACC0094,819,156405.46,73426.78,Other,8,Contract,0.245,5,2,120,Rent,24,0
ACC0095,611,192835.68,52655.5,Personal,1,Self-employed,0.06,15,1,96,Rent,60,0
ACC0096,392,51977.67,76359.26,Auto,34,Self-employed,0.186,14,0,999,Own,48,1
ACC0097,744,90149.12,51062.07,Medical,33,Contract,0.746,10,0,999,Other,60,0
ACC0098,677,76178.44,33059.45,Home Improvement,7,Part-time,0.573,12,0,999,Rent,24,0
ACC0099,345,91072.01,38896.5,Other,16,Full-time,0.174,10,0,999,Own,48,1
ACC0100,747,178535.66,15509.19,Medical,19,Full-time,0.108,2,1,100,Other,24,0
ACC0101,816,233586.08,7835.37,Business,32,Self-employed,0.381,14,3,101,Mortgage,60,0
ACC0102,633,188435.65,45410.87,Business,9,Contract,0.375,5,1,88,Other,36,1
ACC0103,827,30595.68,49585.71,Home Improvement,28,Contract,0.422,11,0,999,Own,48,0
ACC0104,720,130372.15,19567.08,Debt Consolidation,15,Retired,0.504,3,0,999,Rent,36,0
ACC0105,665,180268.13,58902.16,Other,2,Part-time,0.339,7,0,999,Own,36,0
ACC0106,499,82000.2,13088.43,Other,18,Contract,0.309,13,1,118,Rent,12,1
ACC0107,825,30161.89,90819.61,Education,32,Self-employed,0.374,14,0,999,Other,24,0
ACC0108,594,231755.65,38286.66,Home Improvement,12,Self-employed,0.45,10,1,4,Rent,60,0
ACC0109,810,141917.99,22445.34,Other,21,Full-time,0.381,2,2,91,Rent,12,0
ACC0110,458,110260.03,81668.7,Personal,8,Part-time,0.065,5,1,60,Rent,48,1
ACC0111,617,42141.1,50464.14,Home Improvement,23,Part-time,0.502,3,1,1,Own,84,1
ACC0112,825,21937.57,52619.04,Medical,23,Part-time,0.587,2,1,73,Rent,60,0
ACC0113,410,206182.35,55010.72,Medical,2,Self-employed,0.531,5,0,999,Rent,84,1
ACC0114,355,85879.83,53664.17,Medical,33,Full-time,0.261,2,2,28,Rent,84,1
ACC0115,669,177994.3,33254.97,Personal,27,Full-time,0.199,14,2,88,Rent,36,0
ACC0116,575,224739.7,77471.66,Debt Consolidation,0,Part-time,0.474,2,0,999,Mortgage,60,0
ACC0117,522,224311.34,64092.04,Medical,28,Part-time,0.188,10,1,39,Other,12,1
ACC0118,348,98032.2,26104.38,Business,19,Self-employed,0.557,15,0,999,Own,12,1
ACC0119,647,152789.12,20321.27,Business,27,Part-time,0.197,10,0,999,Own,36,1
ACC0120,741,122925.45,71306.6,Business,34,Part-time,0.595,4,0,999,Rent,12,0
ACC0121,355,20406.46,9121.62,Home Improvement,25,Part-time,0.207,10,0,999,Rent,36,1
ACC0122,717,48798.67,40839.35,Other,19,Contract,0.37,13,0,999,Mortgage,48,0
ACC0123,832,70599.6,49198.37,Auto,23,Part-time,0.455,15,3,53,Mortgage,48,0
ACC0124,607,216370.18,36452.78,Personal,11,Self-employed,0.118,1,0,999,Other,84,0
ACC0125,759,219577.05,85586.69,Medical,11,Contract,0.118,8,2,29,Own,12,0
ACC0126,522,27931.31,6799.19,Other,33,Part-time,0.465,4,0,999,Mortgage,60,0
ACC0127,422,42444.5,46603.22,Business,35,Part-time,0.51,1,0,999,Rent,84,0
ACC0128,453,88076.46,82891.05,Home Improvement,23,Self-employed,0.236,2,0,999,Mortgage,84,1
ACC0129,493,94568.89,38997.86,Debt Consolidation,25,Full-time,0.285,1,2,108,Own,36,1
ACC0130,743,127169.09,7510.48,Auto,30,Contract,0.318,8,1,24,Other,36,0
ACC0131,423,154229.33,98912.74,Other,18,Part-time,0.609,8,3,49,Own,12,1
ACC0132,616,29457.25,98265.78,Home Improvement,3,Contract,0.314,5,1,84,Other,12,0
ACC0133,448,121127.98,13352.62,Other,13,Part-time,0.519,13,2,0,Mortgage,12,0
ACC0134,349,110707.59,4177.2,Debt Consolidation,20,Part-time,0.534,4,1,84,Mortgage,60,1
ACC0135,561,183399.15,7013.26,Auto,22,Retired,0.533,1,2,60,Rent,48,1
ACC0136,355,110279.6,80698.31,Debt Consolidation,29,Contract,0.183,12,1,108,Mortgage,12,1
ACC0137,554,151153.61,39493.65,Home Improvement,3,Retired,0.701,9,0,999,Mortgage,84,0
ACC0138,310,233157.88,16177.02,Personal,18,Part-time,0.586,2,0,999,Rent,84,0
ACC0139,580,237870.94,68587.66,Business,17,Contract,0.57,9,0,999,Rent,60,1
ACC0140,610,182434.61,3648.01,Auto,34,Contract,0.326,4,0,999,Rent,36,0
ACC0141,722,139135.46,68989.77,Business,22,Contract,0.637,2,0,999,Rent,84,0
ACC0142,544,158177.58,60879.55,Other,32,Contract,0.063,13,3,101,Mortgage,24,0
ACC0143,341,46239.07,19061.99,Education,0,Self-employed,0.685,12,0,999,Mortgage,48,1
ACC0144,521,32664.52,65235.03,Auto,27,Full-time,0.713,12,0,999,Other,36,1
ACC0145,742,103969.18,42282.09,Business,9,Part-time,0.604,12,0,999,Other,84,0
ACC0146,561,42283.23,24881.07,Personal,1,Retired,0.625,14,0,999,Other,24,0
ACC0147,384,125583.27,20788.16,Other,9,Full-time,0.21,12,3,104,Other,12,0
ACC0148,510,149938.35,36276.39,Debt Consolidation,5,Part-time,0.28,1,2,57,Mortgage,24,0
ACC0149,726,217233.0,44552.9,Medical,7,Self-employed,0.639,2,0,999,Own,12,0
ACC0150,444,94402.41,32538.7,Education,3,Self-employed,0.103,9,0,999,Rent,12,1
ACC0151,791,157954.59,66601.09,Auto,27,Contract,0.655,4,0,999,Mortgage,12,1
ACC0152,401,68999.67,44958.09,Other,20,Full-time,0.499,12,1,105,Other,12,1
ACC0153,682,182494.87,76330.17,Other,13,Self-employed,0.345,1,0,999,Mortgage,36,0
ACC0154,709,110021.86,85436.82,Medical,30,Full-time,0.27,11,2,106,Rent,60,0
ACC0155,673,127959.19,72413.0,Auto,2,Retired,0.277,14,0,999,Other,12,0
ACC0156,374,100878.03,7595.5,Personal,9,Self-employed,0.734,5,2,15,Other,60,1
ACC0157,606,68889.55,54710.57,Auto,3,Self-employed,0.393,2,0,999,Own,48,1
ACC0158,487,155437.4,96099.28,Debt Consolidation,3,Full-time,0.667,6,3,21,Rent,36,1
ACC0159,398,80374.61,83131.23,Home Improvement,12,Retired,0.597,13,3,18,Own,36,1
ACC0160,345,173999.08,10203.51,Home Improvement,34,Full-time,0.29,7,0,999,Other,12,1
ACC0161,350,126431.06,81992.41,Other,15,Part-time,0.638,4,0,999,Own,36,1
ACC0162,480,241165.7,86989.36,Other,30,Retired,0.513,1,0,999,Mortgage,60,1
ACC0163,501,99417.99,43766.42,Business,7,Full-time,0.411,6,0,999,Mortgage,24,0
ACC0164,683,172044.37,37326.74,Personal,0,Part-time,0.205,11,0,999,Mortgage,24,0
ACC0165,403,168338.69,40286.34,Other,18,Retired,0.614,5,2,108,Mortgage,48,0
ACC0166,647,175663.5,26270.65,Business,14,Self-employed,0.612,12,1,6,Other,36,1
ACC0167,751,21985.91,13508.73,Business,26,Retired,0.213,8,3,110,Mortgage,36,0
ACC0168,747,239898.45,92710.19,Education,8,Part-time,0.664,14,3,48,Other,60,1
ACC0169,459,123670.36,12593.28,Auto,35,Contract,0.258,10,0,999,Other,60,0
ACC0170,715,169112.92,74808.52,Other,33,Retired,0.49,8,0,999,Rent,36,0
ACC0171,447,95136.36,26132.63,Education,15,Full-time,0.707,4,0,999,Other,24,0
ACC0172,655,244158.29,44859.59,Auto,7,Full-time,0.338,13,1,40,Mortgage,24,1
ACC0173,638,71769.0,27841.17,Business,1,Self-employed,0.174,8,1,22,Own,48,0
ACC0174,486,46173.83,40856.76,Debt Consolidation,11,Full-time,0.396,3,2,66,Mortgage,60,0
ACC0175,589,182409.99,52251.31,Medical,27,Self-employed,0.708,4,0,999,Rent,48,0
ACC0176,415,70411.88,60838.74,Education,19,Contract,0.73,12,0,999,Mortgage,24,0
ACC0177,840,131033.07,91088.98,Home Improvement,17,Part-time,0.129,13,0,999,Rent,48,0
ACC0178,511,125584.44,69116.4,Personal,2,Retired,0.195,2,0,999,Rent,12,0
ACC0179,516,49579.46,94658.56,Personal,20,Full-time,0.389,5,1,58,Rent,84,0
ACC0180,452,151519.43,86679.68,Personal,27,Full-time,0.672,8,3,100,Own,84,1
ACC0181,803,87723.36,52870.86,Personal,35,Part-time,0.484,7,0,999,Other,84,0
ACC0182,329,148958.8,5670.65,Home Improvement,1,Full-time,0.367,4,1,111,Other,84,0
ACC0183,364,40139.2,7284.97,Personal,17,Contract,0.592,14,1,49,Mortgage,84,0
ACC0184,753,91824.74,4979.22,Home Improvement,35,Self-employed,0.53,10,0,999,Other,84,0
ACC0185,437,66797.69,1949.12,Debt Consolidation,14,Contract,0.422,10,1,118,Mortgage,36,0
ACC0186,439,194357.34,15365.0,Debt Consolidation,23,Full-time,0.613,10,1,81,Mortgage,84,0
ACC0187,845,217520.94,36392.65,Business,28,Full-time,0.685,5,0,999,Own,84,0
ACC0188,485,217917.3,3000.05,Home Improvement,34,Full-time,0.254,8,0,999,Rent,84,0
ACC0189,398,180355.44,70354.59,Medical,22,Part-time,0.298,4,0,999,Mortgage,84,1
ACC0190,604,183551.61,79210.41,Medical,10,Retired,0.487,3,1,71,Own,84,0
ACC0191,508,221605.09,80606.29,Home Improvement,21,Self-employed,0.206,5,0,999,Rent,12,0
ACC0192,580,247265.5,44140.75,Home Improvement,6,Part-time,0.446,9,0,999,Other,12,1
ACC0193,675,203478.93,57804.97,Medical,2,Retired,0.53,3,0,999,Rent,12,1
ACC0194,307,227224.64,63662.34,Auto,4,Contract,0.686,15,1,30,Mortgage,84,0
ACC0195,764,60974.38,48011.57,Home Improvement,2,Self-employed,0.627,10,1,73,Rent,12,1
ACC0196,704,160558.28,18491.92,Education,35,Part-time,0.254,11,0,999,Rent,48,0
ACC0197,750,200952.34,1717.95,Home Improvement,4,Retired,0.162,11,2,101,Own,36,0
ACC0198,447,24551.91,63879.63,Other,9,Contract,0.19,4,0,999,Own,60,1
ACC0199,352,218562.66,27113.99,Medical,32,Self-employed,0.531,15,1,112,Own,48,1
ACC0200,492,39332.38,33429.11,Medical,30,Part-time,0.08,14,2,97,Rent,24,1
ACC0201,673,143481.35,18596.48,Business,27,Contract,0.427,1,0,999,Rent,36,0
ACC0202,416,246145.44,63903.06,Auto,24,Retired,0.339,1,3,13,Mortgage,12,1
ACC0203,827,88567.2,84200.89,Debt Consolidation,20,Retired,0.526,12,0,999,Mortgage,84,0
ACC0204,831,168217.48,32157.08,Personal,18,Full-time,0.644,1,3,27,Rent,84,0
ACC0205,682,34710.61,4066.9,Medical,0,Full-time,0.431,7,0,999,Own,84,0
ACC0206,808,236500.87,99110.65,Home Improvement,1,Contract,0.267,4,0,999,Own,36,0
ACC0207,455,47325.81,80314.75,Personal,12,Part-time,0.612,9,1,21,Other,60,0
ACC0208,507,177316.06,51544.51,Education,28,Contract,0.681,6,3,0,Other,24,1
ACC0209,414,30152.51,69521.15,Home Improvement,2,Contract,0.551,4,1,38,Own,60,1
ACC0210,425,219438.11,23566.17,Auto,10,Self-employed,0.201,6,1,48,Mortgage,84,0
ACC0211,670,76884.86,80330.78,Education,18,Full-time,0.742,8,2,105,Other,48,0
ACC0212,475,218907.98,7514.87,Medical,17,Retired,0.296,12,1,76,Other,36,1
ACC0213,598,189208.47,58714.02,Personal,14,Self-employed,0.135,2,0,999,Rent,12,0
ACC0214,718,228766.72,49298.48,Medical,29,Self-employed,0.311,9,2,61,Rent,24,0
ACC0215,300,161059.99,77961.25,Medical,8,Part-time,0.47,2,0,999,Mortgage,84,1
ACC0216,733,152379.22,86859.39,Home Improvement,20,Retired,0.562,10,0,999,Other,48,1
ACC0217,546,96301.35,34971.25,Debt Consolidation,7,Contract,0.657,3,1,92,Mortgage,36,0
ACC0218,410,184397.36,34549.47,Debt Consolidation,11,Self-employed,0.163,15,1,88,Other,60,0
ACC0219,808,149872.86,55210.16,Debt Consolidation,12,Retired,0.713,10,3,63,Rent,36,0
ACC0220,319,126137.89,85326.42,Home Improvement,13,Self-employed,0.572,1,1,71,Rent,48,1
ACC0221,545,147172.58,78177.94,Other,32,Self-employed,0.193,2,0,999,Own,12,1
ACC0222,302,98649.48,39853.56,Auto,20,Full-time,0.1,9,0,999,Mortgage,36,0
ACC0223,439,139506.27,67765.41,Personal,31,Full-time,0.318,14,0,999,Own,60,0
ACC0224,460,123005.79,95930.56,Personal,1,Self-employed,0.056,8,0,999,Mortgage,84,0
ACC0225,449,122328.45,3094.46,Home Improvement,24,Part-time,0.591,13,0,999,Rent,84,1
ACC0226,638,63558.91,31309.81,Education,7,Self-employed,0.143,10,3,64,Mortgage,24,0
ACC0227,794,117910.35,11480.47,Business,22,Retired,0.724,3,1,49,Mortgage,84,0
ACC0228,522,198799.46,7270.54,Education,22,Retired,0.111,1,1,92,Rent,60,1
ACC0229,476,27023.95,4122.21,Medical,33,Contract,0.058,9,1,52,Other,60,0
ACC0230,622,115780.26,16041.64,Other,7,Full-time,0.474,1,2,57,Rent,36,0
ACC0231,681,178045.98,7978.83,Business,14,Full-time,0.449,9,1,56,Mortgage,48,0
ACC0232,618,211022.8,41653.89,Personal,22,Contract,0.633,4,3,80,Other,24,1
ACC0233,398,56921.28,47286.17,Education,3,Self-employed,0.662,13,0,999,Other,24,0
ACC0234,847,114262.17,3988.13,Medical,2,Full-time,0.135,11,0,999,Other,48,0
ACC0235,740,124713.11,34398.73,Personal,31,Full-time,0.327,13,0,999,Other,84,0
ACC0236,797,26856.03,14351.48,Education,3,Self-employed,0.448,4,0,999,Rent,48,0
ACC0237,519,233083.23,57316.79,Auto,3,Self-employed,0.568,2,0,999,Rent,48,1
ACC0238,560,156335.0,13106.61,Debt Consolidation,27,Retired,0.488,2,0,999,Own,24,1
ACC0239,619,110100.35,20622.44,Debt Consolidation,19,Full-time,0.383,8,0,999,Own,60,1
ACC0240,519,80180.82,59155.47,Home Improvement,20,Self-employed,0.337,6,0,999,Other,48,0
ACC0241,654,86037.54,59776.33,Personal,7,Part-time,0.487,10,0,999,Other,36,0
ACC0242,364,44392.16,79922.59,Auto,10,Contract,0.516,11,3,91,Mortgage,60,1
ACC0243,825,75372.6,11452.13,Medical,26,Retired,0.578,8,1,79,Own,60,0
ACC0244,475,239738.07,97136.43,Medical,11,Contract,0.566,14,0,999,Rent,24,1
ACC0245,568,201255.98,50230.13,Debt Consolidation,13,Contract,0.696,13,3,105,Own,60,1
ACC0246,539,99161.29,15512.78,Business,10,Full-time,0.557,3,1,94,Mortgage,36,0
ACC0247,767,249275.37,28066.95,Medical,21,Retired,0.198,8,0,999,Own,60,0
ACC0248,492,40797.98,39349.79,Education,35,Self-employed,0.413,12,1,114,Mortgage,36,1
ACC0249,408,100849.16,22365.57,Auto,16,Self-employed,0.484,6,2,29,Mortgage,36,1
ACC0250,623,99238.26,91764.29,Other,14,Self-employed,0.459,5,0,999,Mortgage,12,0
ACC0251,526,118472.77,47995.61,Education,28,Part-time,0.347,5,0,999,Other,12,0
ACC0252,497,217704.27,97192.29,Home Improvement,32,Contract,0.291,1,3,49,Rent,36,1
ACC0253,568,227994.82,15023.85,Other,10,Full-time,0.417,1,2,117,Own,12,1
ACC0254,657,123670.07,68149.21,Other,26,Self-employed,0.357,12,0,999,Other,60,0
ACC0255,730,181089.17,69182.6,Medical,16,Retired,0.464,10,1,23,Other,12,0
ACC0256,688,80239.54,22040.61,Personal,23,Part-time,0.174,13,1,29,Own,48,0
ACC0257,422,226673.53,77192.82,Business,32,Self-employed,0.699,13,0,999,Rent,36,1
ACC0258,453,190053.77,66310.21,Auto,33,Retired,0.725,7,0,999,Mortgage,12,1
ACC0259,377,154568.83,39678.22,Debt Consolidation,2,Part-time,0.563,11,0,999,Rent,24,1
ACC0260,301,138267.6,37095.12,Personal,10,Contract,0.546,14,0,999,Mortgage,24,0
ACC0261,512,33802.02,28911.96,Education,3,Retired,0.722,14,3,89,Rent,48,1
ACC0262,671,91803.33,29214.75,Education,6,Retired,0.164,8,2,63,Other,24,0
ACC0263,846,242325.52,15510.95,Education,26,Part-time,0.092,1,0,999,Other,36,0
ACC0264,369,127061.97,48907.33,Other,11,Self-employed,0.064,9,1,61,Rent,24,0
ACC0265,475,96547.02,87726.58,Business,0,Retired,0.598,11,3,62,Mortgage,60,1
ACC0266,614,139702.09,92966.65,Medical,0,Full-time,0.702,15,1,100,Mortgage,12,0
ACC0267,524,238122.91,30777.25,Business,30,Part-time,0.393,5,1,115,Mortgage,36,1
ACC0268,383,64227.5,36521.15,Home Improvement,0,Retired,0.566,2,0,999,Other,12,1
ACC0269,493,32295.07,8991.02,Debt Consolidation,6,Full-time,0.091,12,0,999,Rent,48,0
ACC0270,672,232362.06,69209.97,Debt Consolidation,23,Part-time,0.256,9,0,999,Mortgage,48,0
ACC0271,338,22750.74,86156.88,Business,11,Part-time,0.106,10,1,67,Other,60,1
ACC0272,783,84352.74,47472.61,Home Improvement,25,Self-employed,0.155,1,0,999,Other,84,0
ACC0273,361,165310.62,19414.16,Personal,25,Retired,0.124,9,0,999,Mortgage,36,0
ACC0274,372,38637.1,70117.65,Other,29,Self-employed,0.385,4,1,108,Own,24,0
ACC0275,433,174350.14,61791.07,Personal,7,Full-time,0.493,13,0,999,Rent,84,1
ACC0276,844,121129.45,76196.28,Debt Consolidation,0,Self-employed,0.235,14,0,999,Own,24,0
ACC0277,597,108418.35,83799.07,Education,23,Retired,0.618,8,0,999,Other,12,1
ACC0278,482,55630.2,2771.89,Medical,20,Full-time,0.704,7,3,47,Rent,48,1
ACC0279,748,51016.09,2533.45,Auto,9,Contract,0.707,10,0,999,Other,12,1
ACC0280,308,57113.02,14912.87,Education,9,Part-time,0.712,11,2,17,Mortgage,60,1
ACC0281,761,225796.29,59534.44,Personal,23,Retired,0.704,4,0,999,Mortgage,24,0
ACC0282,554,146708.86,30411.74,Personal,24,Contract,0.162,6,1,82,Other,24,0
ACC0283,787,183571.1,23898.42,Home Improvement,27,Part-time,0.192,14,0,999,Other,84,1
ACC0284,531,236573.55,28423.72,Personal,7,Contract,0.482,11,0,999,Other,84,0
ACC0285,444,245458.17,11858.26,Business,18,Part-time,0.748,7,0,999,Other,60,0
ACC0286,807,142557.7,89438.92,Personal,23,Self-employed,0.226,10,0,999,Mortgage,60,0
ACC0287,480,88517.8,86846.49,Debt Consolidation,5,Self-employed,0.722,8,2,119,Own,48,1
ACC0288,490,241376.31,20439.49,Other,23,Contract,0.16,12,0,999,Own,84,1
ACC0289,519,130161.93,74927.31,Education,3,Part-time,0.66,6,1,56,Mortgage,60,0
ACC0290,377,224907.51,10567.19,Education,20,Contract,0.364,8,0,999,Own,48,0
ACC0291,824,81935.15,87648.83,Other,17,Contract,0.287,6,1,84,Rent,84,0
ACC0292,689,74440.7,95521.33,Other,24,Self-employed,0.139,13,0,999,Other,36,0
ACC0293,404,105852.16,10978.85,Personal,5,Part-time,0.592,13,2,101,Own,60,1
ACC0294,301,192778.48,95283.15,Business,25,Full-time,0.137,12,0,999,Mortgage,60,0
ACC0295,658,193692.48,92137.41,Business,12,Contract,0.698,1,0,999,Own,36,1
ACC0296,782,120430.17,96929.36,Debt Consolidation,31,Contract,0.462,8,2,107,Rent,36,1
ACC0297,610,78192.7,24198.06,Medical,25,Part-time,0.112,5,0,999,Mortgage,36,1
ACC0298,809,77413.77,74052.44,Business,12,Self-employed,0.675,12,0,999,Other,36,0
ACC0299,530,87899.06,17274.01,Business,26,Part-time,0.503,13,1,25,Rent,36,1
ACC0300,540,103880.1,66263.97,Business,21,Self-employed,0.369,9,1,12,Mortgage,12,1
ACC0301,516,239170.0,87403.7,Education,10,Full-time,0.633,10,0,999,Mortgage,24,1
ACC0302,675,202130.19,26608.06,Other,11,Self-employed,0.344,9,0,999,Other,24,1
ACC0303,581,72264.52,95290.7,Personal,8,Part-time,0.701,1,0,999,Rent,24,1
ACC0304,372,167953.0,56587.99,Personal,27,Full-time,0.366,8,1,92,Own,84,0
ACC0305,568,219521.3,10581.26,Business,8,Part-time,0.12,14,2,0,Mortgage,24,1
ACC0306,837,91337.18,69849.67,Auto,4,Part-time,0.74,12,0,999,Mortgage,36,1
ACC0307,648,94975.94,83740.09,Personal,19,Part-time,0.063,3,1,25,Mortgage,12,0
ACC0308,658,96894.19,36710.97,Education,2,Part-time,0.163,15,1,33,Own,12,0
ACC0309,431,80451.9,2540.0,Auto,32,Self-employed,0.703,9,1,106,Rent,60,1
ACC0310,366,169411.52,98613.36,Other,18,Retired,0.455,8,0,999,Mortgage,36,0
ACC0311,634,112777.49,80429.36,Home Improvement,26,Retired,0.278,13,2,119,Own,84,1
ACC0312,461,186379.19,29619.61,Personal,7,Part-time,0.283,4,1,46,Other,84,1
ACC0313,644,201367.55,54567.67,Business,5,Self-employed,0.52,1,0,999,Rent,60,0
ACC0314,709,121918.0,94166.64,Other,10,Retired,0.733,10,0,999,Rent,60,0
ACC0315,494,209222.02,21283.53,Other,32,Self-employed,0.594,13,0,999,Own,48,0
ACC0316,755,32718.01,58814.47,Education,15,Full-time,0.722,8,2,70,Rent,24,1
ACC0317,388,94150.98,96569.55,Medical,9,Part-time,0.103,13,0,999,Mortgage,12,1
ACC0318,722,182046.36,8871.52,Medical,7,Contract,0.407,1,0,999,Other,24,0
ACC0319,681,209747.98,73158.23,Auto,9,Retired,0.352,6,1,33,Other,36,0
ACC0320,595,21310.17,35744.47,Education,17,Retired,0.193,9,0,999,Mortgage,36,0
ACC0321,413,114202.7,64849.8,Home Improvement,20,Self-employed,0.436,2,3,117,Rent,12,1
ACC0322,596,239206.81,35650.56,Business,0,Contract,0.264,13,1,55,Other,36,0
ACC0323,405,188112.77,2702.75,Personal,8,Contract,0.477,5,0,999,Rent,24,1
ACC0324,688,109210.12,93408.66,Business,27,Full-time,0.362,9,2,93,Own,24,1
ACC0325,589,101546.21,55375.96,Other,35,Part-time,0.684,15,2,105,Rent,36,1
ACC0326,527,174407.09,33682.57,Auto,1,Full-time,0.619,5,1,119,Mortgage,36,1
ACC0327,800,48763.49,45523.95,Education,10,Full-time,0.132,5,1,44,Rent,24,0
ACC0328,469,41173.5,16494.45,Other,17,Self-employed,0.177,14,2,9,Rent,36,0
ACC0329,761,186278.43,58926.36,Personal,3,Self-employed,0.193,12,3,4,Rent,84,0
ACC0330,484,22943.72,37973.33,Business,9,Retired,0.721,11,0,999,Rent,36,0
ACC0331,484,64119.33,61064.22,Debt Consolidation,1,Retired,0.389,3,0,999,Rent,24,0
ACC0332,833,46369.87,91906.53,Debt Consolidation,21,Contract,0.233,2,1,67,Other,48,1
ACC0333,569,44154.88,61999.98,Education,20,Part-time,0.15,15,0,999,Mortgage,12,0
ACC0334,672,236485.03,54247.03,Home Improvement,32,Full-time,0.702,4,1,26,Mortgage,12,1
ACC0335,738,62201.13,49075.23,Debt Consolidation,5,Contract,0.428,4,3,36,Other,24,1
ACC0336,512,220375.17,77194.59,Auto,1,Full-time,0.181,13,0,999,Mortgage,60,1
ACC0337,304,91507.23,81285.95,Personal,8,Retired,0.685,12,0,999,Rent,36,1
ACC0338,474,110560.93,89230.16,Home Improvement,33,Retired,0.686,10,2,33,Other,36,1
ACC0339,696,103476.85,72632.69,Other,16,Self-employed,0.185,11,0,999,Mortgage,84,0
ACC0340,510,53174.78,24814.86,Personal,23,Part-time,0.054,8,3,13,Rent,60,1
ACC0341,778,99190.86,90709.0,Personal,28,Contract,0.446,9,0,999,Mortgage,36,0
ACC0342,483,62082.63,65719.3,Personal,33,Part-time,0.148,14,2,21,Rent,12,1
ACC0343,544,97745.11,77139.66,Medical,22,Contract,0.169,6,0,999,Own,24,1
ACC0344,736,40528.67,4621.68,Auto,18,Part-time,0.326,11,1,29,Own,60,0
ACC0345,377,147592.81,52808.86,Education,4,Self-employed,0.428,7,0,999,Mortgage,12,1
ACC0346,657,237141.86,10862.7,Business,31,Self-employed,0.329,8,1,106,Rent,84,0
ACC0347,707,20310.27,99275.85,Other,6,Contract,0.27,6,0,999,Other,24,0
ACC0348,388,98199.25,33537.22,Business,18,Full-time,0.652,7,0,999,Other,36,0
ACC0349,729,52499.96,46501.91,Personal,8,Part-time,0.678,6,3,111,Other,24,0
ACC0350,321,249992.56,76446.06,Business,20,Retired,0.738,9,0,999,Mortgage,48,1
ACC0351,403,167304.96,31517.87,Other,6,Retired,0.699,2,0,999,Mortgage,48,1
ACC0352,744,241367.81,36252.03,Education,17,Part-time,0.278,6,3,42,Rent,60,1
ACC0353,304,168673.16,28382.61,Business,5,Contract,0.56,3,0,999,Rent,48,1
ACC0354,827,224768.29,91887.36,Education,3,Part-time,0.283,1,1,45,Mortgage,84,0
ACC0355,424,90256.02,13812.13,Auto,21,Full-time,0.673,11,1,84,Own,12,1
ACC0356,579,59590.22,55549.73,Education,29,Contract,0.38,6,0,999,Rent,48,0
ACC0357,743,195620.38,9266.1,Personal,23,Full-time,0.078,15,0,999,Other,84,0
ACC0358,460,85506.07,30954.9,Business,5,Part-time,0.395,6,1,37,Other,84,0
ACC0359,558,112326.56,70686.33,Debt Consolidation,28,Self-employed,0.496,7,3,70,Own,84,0
ACC0360,538,234059.65,86286.84,Personal,16,Full-time,0.46,13,0,999,Own,12,0
ACC0361,815,94450.89,38446.6,Personal,18,Part-time,0.655,4,3,103,Own,48,0
ACC0362,429,244917.28,59086.51,Medical,15,Part-time,0.157,15,0,999,Mortgage,60,1
ACC0363,645,72214.44,15359.92,Home Improvement,27,Self-employed,0.696,14,0,999,Mortgage,48,1
ACC0364,808,102569.74,63678.17,Home Improvement,20,Contract,0.525,8,0,999,Rent,84,1
ACC0365,757,204588.23,60883.08,Home Improvement,33,Retired,0.711,1,1,65,Rent,12,1
ACC0366,447,169134.51,85748.76,Auto,27,Retired,0.544,10,0,999,Mortgage,48,0
ACC0367,433,224858.92,42618.8,Medical,9,Part-time,0.695,13,0,999,Rent,36,0
ACC0368,786,248347.76,10461.74,Debt Consolidation,2,Part-time,0.676,3,0,999,Other,24,0
ACC0369,631,137125.22,35674.8,Home Improvement,31,Contract,0.229,1,1,119,Own,60,0
ACC0370,492,70698.18,5531.64,Business,6,Part-time,0.743,1,0,999,Mortgage,60,1
ACC0371,672,123675.63,30749.67,Other,29,Self-employed,0.217,11,3,37,Mortgage,84,1
ACC0372,802,44261.59,51825.63,Education,19,Part-time,0.643,6,0,999,Own,24,1
ACC0373,413,179118.61,52752.6,Business,15,Retired,0.385,11,0,999,Rent,48,0
ACC0374,692,81403.84,87140.08,Medical,20,Full-time,0.295,13,0,999,Other,12,0
ACC0375,392,138071.68,33528.87,Auto,0,Contract,0.327,5,1,29,Other,24,1
ACC0376,827,148022.38,10163.22,Debt Consolidation,0,Full-time,0.573,1,2,67,Mortgage,12,1
ACC0377,610,179193.99,70312.1,Other,21,Part-time,0.667,13,0,999,Own,36,1
ACC0378,694,231885.07,26868.04,Other,14,Retired,0.094,6,1,40,Other,84,0
ACC0379,462,167012.81,19017.22,Education,28,Contract,0.459,3,1,102,Rent,36,0
ACC0380,762,47479.72,78805.26,Auto,14,Retired,0.679,8,0,999,Other,24,0
ACC0381,339,144694.78,27311.72,Medical,14,Full-time,0.291,8,0,999,Mortgage,60,0
ACC0382,565,48903.64,84471.6,Business,26,Self-employed,0.208,5,0,999,Own,36,1
ACC0383,771,247180.12,68002.21,Personal,8,Contract,0.508,1,0,999,Own,36,0
ACC0384,849,166854.85,59188.33,Home Improvement,12,Full-time,0.626,11,1,79,Rent,48,0
ACC0385,686,41433.78,21547.55,Debt Consolidation,1,Self-employed,0.272,9,0,999,Mortgage,12,0
ACC0386,324,188252.58,77171.65,Home Improvement,21,Self-employed,0.675,14,3,95,Other,24,1
ACC0387,784,30632.41,68179.53,Auto,4,Part-time,0.252,13,0,999,Mortgage,12,0
ACC0388,412,38490.8,88064.55,Other,16,Part-time,0.31,10,0,999,Other,24,0
ACC0389,754,173240.8,67177.9,Auto,23,Full-time,0.061,2,0,999,Rent,48,0
ACC0390,739,30106.41,61494.59,Auto,10,Part-time,0.64,8,0,999,Other,36,0
ACC0391,592,105487.03,22793.25,Medical,13,Self-employed,0.601,4,0,999,Mortgage,36,0
ACC0392,395,32943.55,98599.31,Home Improvement,17,Self-employed,0.358,3,2,15,Own,48,0
ACC0393,612,83197.05,97026.19,Personal,15,Retired,0.742,4,0,999,Rent,84,0
ACC0394,566,116156.43,81819.68,Business,10,Self-employed,0.645,9,0,999,Rent,24,1
ACC0395,673,134119.14,67664.33,Medical,3,Part-time,0.29,12,3,81,Mortgage,24,0
ACC0396,459,228644.97,68015.59,Business,33,Self-employed,0.484,15,2,52,Mortgage,36,1
ACC0397,724,21734.61,46374.53,Education,21,Part-time,0.491,14,3,50,Rent,84,0
ACC0398,529,76742.86,76272.13,Home Improvement,17,Contract,0.42,10,3,107,Rent,84,1
ACC0399,625,186742.93,90379.93,Auto,0,Contract,0.219,5,2,76,Other,24,1
ACC0400,725,224610.21,70269.26,Personal,8,Contract,0.35,8,0,999,Own,12,0
ACC0401,701,161580.87,68102.21,Medical,14,Part-time,0.23,8,1,4,Own,12,0
ACC0402,302,216001.45,46218.19,Medical,31,Part-time,0.399,10,3,10,Mortgage,84,1
ACC0403,748,53050.38,21671.39,Medical,0,Self-employed,0.422,7,1,13,Own,60,0
ACC0404,653,166632.89,14796.88,Home Improvement,9,Contract,0.626,4,3,55,Other,48,1
ACC0405,411,130128.39,62210.31,Other,29,Contract,0.406,7,0,999,Own,48,0
ACC0406,402,92500.73,21639.01,Other,14,Self-employed,0.11,10,0,999,Rent,48,1
ACC0407,356,208852.55,11362.62,Personal,6,Self-employed,0.517,13,0,999,Other,36,1
ACC0408,684,245177.65,36730.74,Other,5,Self-employed,0.104,9,1,92,Own,48,0
ACC0409,384,77678.74,46395.24,Personal,31,Contract,0.448,8,0,999,Own,48,0
ACC0410,653,36071.45,27792.4,Auto,13,Full-time,0.213,6,3,24,Other,48,0
ACC0411,670,158297.77,41799.89,Auto,30,Part-time,0.726,11,0,999,Mortgage,36,1
ACC0412,832,185736.01,28481.85,Debt Consolidation,24,Part-time,0.173,11,1,5,Other,24,0
ACC0413,741,174330.15,69935.27,Auto,30,Full-time,0.466,14,0,999,Own,36,0
ACC0414,368,162460.18,39555.84,Education,16,Full-time,0.246,2,0,999,Other,36,1
ACC0415,809,184936.11,36062.53,Personal,23,Self-employed,0.525,1,2,29,Other,84,1
ACC0416,786,67180.36,44329.1,Education,12,Full-time,0.717,4,0,999,Rent,24,0
ACC0417,485,177530.89,83865.88,Business,15,Contract,0.562,10,0,999,Own,84,0
ACC0418,762,40564.6,86484.45,Other,14,Full-time,0.128,5,1,24,Own,24,0
ACC0419,838,77082.56,41190.47,Personal,9,Retired,0.678,4,0,999,Mortgage,84,0
ACC0420,824,155944.98,8669.3,Auto,32,Self-employed,0.286,6,0,999,Rent,24,0
ACC0421,409,31255.75,26041.44,Auto,35,Full-time,0.101,10,1,40,Other,60,0
ACC0422,490,92609.11,6250.58,Education,15,Retired,0.521,15,0,999,Own,84,1
ACC0423,380,67824.58,8830.7,Auto,21,Self-employed,0.374,4,0,999,Mortgage,60,0
ACC0424,521,32753.86,58371.75,Home Improvement,4,Contract,0.209,7,1,74,Other,36,0
ACC0425,739,118226.71,61264.16,Medical,34,Retired,0.172,14,1,34,Other,48,0
ACC0426,610,69268.61,58467.76,Debt Consolidation,0,Retired,0.352,11,0,999,Rent,24,0
ACC0427,413,106955.54,96086.83,Personal,20,Self-employed,0.129,9,1,101,Rent,12,0
ACC0428,349,123412.1,94351.62,Education,29,Part-time,0.67,7,0,999,Rent,48,1
ACC0429,684,237706.16,37121.06,Other,0,Full-time,0.601,9,3,97,Own,48,0
ACC0430,838,83691.47,98422.18,Debt Consolidation,17,Part-time,0.304,12,0,999,Other,12,0
ACC0431,544,87314.7,13642.68,Home Improvement,20,Contract,0.095,11,3,36,Mortgage,48,1
ACC0432,702,148909.43,83186.32,Medical,3,Contract,0.354,3,0,999,Rent,24,0
ACC0433,763,153011.89,44490.13,Medical,0,Self-employed,0.338,2,0,999,Own,48,0
ACC0434,716,103581.97,22287.86,Other,25,Contract,0.646,6,0,999,Mortgage,24,0
ACC0435,602,208355.34,85715.27,Personal,20,Self-employed,0.711,7,1,96,Rent,24,0
ACC0436,716,212845.68,68644.84,Education,5,Self-employed,0.06,3,2,31,Other,12,0
ACC0437,310,147704.55,41683.68,Personal,20,Contract,0.483,5,0,999,Other,36,1
ACC0438,650,139511.36,51969.06,Other,27,Part-time,0.298,3,0,999,Other,24,0
ACC0439,537,92651.17,98078.75,Debt Consolidation,34,Full-time,0.316,3,3,97,Other,12,1
ACC0440,439,139993.82,98759.9,Education,33,Self-employed,0.44,8,0,999,Rent,12,1
ACC0441,359,195643.92,62442.53,Education,21,Self-employed,0.311,5,0,999,Rent,36,1
ACC0442,513,179889.36,68845.87,Auto,33,Full-time,0.464,5,0,999,Mortgage,36,0
ACC0443,791,104465.87,56436.11,Other,31,Retired,0.057,11,0,999,Mortgage,60,0
ACC0444,369,141749.28,57208.19,Personal,6,Retired,0.143,7,2,60,Rent,60,1
ACC0445,805,204573.31,73561.07,Auto,17,Retired,0.288,14,0,999,Own,12,0
ACC0446,547,104830.61,34737.33,Education,13,Contract,0.583,2,1,21,Other,84,0
ACC0447,576,152523.61,58790.59,Home Improvement,19,Part-time,0.565,7,0,999,Rent,12,1
ACC0448,415,239597.21,7852.59,Home Improvement,14,Full-time,0.684,6,0,999,Other,12,1
ACC0449,529,178316.82,22032.41,Personal,27,Part-time,0.744,5,0,999,Rent,36,1
ACC0450,784,116548.78,91479.61,Debt Consolidation,23,Full-time,0.092,8,0,999,Mortgage,36,0
ACC0451,797,245580.56,69065.14,Business,5,Retired,0.684,11,0,999,Own,48,0
ACC0452,604,178024.52,54726.67,Business,12,Part-time,0.311,13,0,999,Other,24,0
ACC0453,375,116993.03,76273.01,Personal,34,Contract,0.455,12,0,999,Rent,12,0
ACC0454,772,238511.81,7547.52,Medical,25,Contract,0.122,5,1,0,Own,60,0
ACC0455,512,230467.22,6961.18,Education,5,Contract,0.453,2,1,59,Mortgage,84,1
ACC0456,557,174770.37,61425.04,Education,23,Part-time,0.679,13,1,67,Other,24,0
ACC0457,846,40490.56,48379.0,Personal,9,Full-time,0.494,5,1,46,Rent,12,0
ACC0458,804,202867.0,24509.69,Business,3,Part-time,0.699,12,0,999,Mortgage,84,1
ACC0459,489,225048.94,31395.59,Other,5,Contract,0.292,5,3,72,Own,36,1
ACC0460,486,146948.62,74337.82,Home Improvement,0,Part-time,0.17,6,0,999,Rent,60,1
ACC0461,511,232952.41,68856.17,Medical,35,Part-time,0.167,14,1,51,Rent,36,1
ACC0462,798,214925.37,34664.8,Medical,33,Contract,0.467,7,1,84,Mortgage,48,0
ACC0463,312,127630.17,33720.16,Education,33,Retired,0.193,12,1,115,Other,84,1
ACC0464,403,107065.75,99721.7,Personal,9,Retired,0.189,13,0,999,Rent,12,1
ACC0465,673,82626.83,88323.32,Auto,23,Full-time,0.511,2,0,999,Other,60,0
ACC0466,823,23390.34,71823.06,Business,4,Retired,0.413,6,3,67,Mortgage,84,0
ACC0467,752,100776.29,44370.38,Home Improvement,30,Full-time,0.349,2,1,11,Other,84,0
ACC0468,831,207741.82,84235.89,Medical,33,Contract,0.344,15,1,80,Own,24,0
ACC0469,341,38007.42,5388.43,Education,7,Self-employed,0.711,12,0,999,Other,48,0
ACC0470,472,107627.42,61334.37,Other,29,Contract,0.101,13,2,42,Other,60,1
ACC0471,393,90033.76,72640.69,Business,19,Full-time,0.633,11,1,32,Rent,24,0
ACC0472,373,101358.69,29195.72,Home Improvement,1,Retired,0.111,1,0,999,Mortgage,84,1
ACC0473,496,89826.78,17850.28,Auto,13,Retired,0.705,11,1,112,Rent,24,1
ACC0474,417,169991.66,47124.92,Business,18,Full-time,0.113,10,0,999,Own,24,1
ACC0475,471,145635.07,14958.06,Home Improvement,34,Self-employed,0.608,13,0,999,Rent,24,0
ACC0476,583,67965.17,76114.33,Personal,5,Retired,0.21,10,0,999,Rent,12,1
ACC0477,553,95089.77,73018.23,Debt Consolidation,15,Part-time,0.273,11,3,118,Mortgage,48,1
ACC0478,455,52768.92,32410.76,Home Improvement,9,Part-time,0.169,1,0,999,Mortgage,12,0
ACC0479,448,216521.88,5474.32,Personal,31,Part-time,0.3,1,2,72,Other,36,0
ACC0480,539,134828.77,54793.49,Medical,6,Retired,0.635,14,0,999,Rent,60,0
ACC0481,408,155328.12,20404.39,Medical,0,Contract,0.726,10,3,63,Own,12,1
ACC0482,514,89203.73,47082.99,Personal,14,Self-employed,0.135,5,0,999,Own,12,0
ACC0483,835,144534.4,75915.82,Home Improvement,23,Contract,0.735,5,1,120,Mortgage,12,0
ACC0484,390,153423.18,64551.17,Other,2,Full-time,0.331,1,0,999,Other,36,0
ACC0485,621,110530.66,79369.54,Home Improvement,7,Full-time,0.234,11,0,999,Rent,48,0
ACC0486,763,84648.11,89658.24,Education,15,Part-time,0.616,15,2,89,Rent,36,0
ACC0487,625,168303.51,96209.09,Other,7,Contract,0.45,11,1,52,Rent,48,0
ACC0488,836,120992.21,76045.15,Home Improvement,33,Retired,0.086,5,3,68,Own,24,0
ACC0489,651,218538.23,9090.62,Medical,2,Self-employed,0.323,6,0,999,Mortgage,12,0
ACC0490,743,104843.4,18590.08,Debt Consolidation,29,Full-time,0.215,9,1,115,Own,48,0
ACC0491,534,190456.54,48771.93,Business,14,Part-time,0.597,8,0,999,Other,60,1
ACC0492,418,104548.07,42208.76,Business,11,Contract,0.308,4,0,999,Mortgage,36,0
ACC0493,779,46398.84,3725.55,Auto,3,Retired,0.092,2,0,999,Other,24,0
ACC0494,459,111203.23,22173.41,Personal,6,Self-employed,0.526,11,0,999,Mortgage,36,1
ACC0495,474,143558.54,17785.98,Other,25,Part-time,0.639,4,0,999,Rent,12,1
ACC0496,829,25305.24,3101.23,Medical,33,Full-time,0.316,2,3,12,Own,36,1
ACC0497,669,154280.33,81644.66,Business,13,Part-time,0.67,2,1,1,Mortgage,24,0
ACC0498,545,170036.92,49556.6,Home Improvement,13,Part-time,0.585,13,3,16,Own,48,1
ACC0499,559,217724.8,92107.13,Other,4,Part-time,0.117,12,0,999,Mortgage,60,0
ACC0500,555,244696.99,70263.32,Home Improvement,6,Full-time,0.085,8,0,999,Own,84,0
